index,name,date_time,message,sentiment_code,sentiment,polarity
1,Shubham Semwal,06/05/2021 15:50:20,feel like playing scrabble royalty bitchin board,0,neutral,0.00
2,Shubham Semwal,06/05/2021 15:50:20,feel shame proud came born raised boondocks quot,2,Very positive,0.80
3,Shubham Semwal,06/05/2021 15:50:20,got feeling tonights going good nightquot,2,Very positive,0.70
18,Shubham Semwal,06/05/2021 15:50:20,love knowledge love thinkin fressshman fressshman pellericious math song,1,positive,0.50
20,Shubham Semwal,06/05/2021 15:50:20,may gone intended go think ended needed quot,0,neutral,0.00
24,Shubham Semwal,06/05/2021 15:50:20,see like herman dne laura marling good indie taste like chance would dig us cheers quot,1,positive,0.35
27,Shubham Semwal,06/05/2021 15:50:20,think im headed big fall think im headed bad timequot rd day row work,3,negative,-0.35
41,Shubham Semwal,06/05/2021 15:50:20,idea sound abseloutly absurd first abseloutly hope success futurequot man albert einstein,1,positive,0.11
43,Shubham Semwal,06/05/2021 15:50:20,chance would ask world dancequot gas skrapin seasideee play frisbee lacrosse,0,neutral,0.00
47,Shubham Semwal,06/05/2021 15:50:20,u take away rainbow cry give back sunshinequot man miss floetry,0,neutral,0.00
49,Shubham Semwal,06/05/2021 15:50:20,seventeen foreverquot stuck head forever thanks lot love,1,positive,0.35
50,Shubham Semwal,06/05/2021 15:50:20,shaking ass wrong fail,3,negative,-0.50
53,Shubham Semwal,06/05/2021 15:50:20,shes like wind yea,0,neutral,0.00
65,Shubham Semwal,06/05/2021 15:50:20,stay awake ill stay try go game waits lovequot looveee lydia soo much checkk outt,3,negative,-0.23
69,Shubham Semwal,06/05/2021 15:50:20,solid bullpen showing comes undonequot post editors paste headline daily basis,0,neutral,0.00
80,Shubham Semwal,06/05/2021 15:50:20,see stupids everwhere may problem like sentence,0,neutral,0.00
81,Shubham Semwal,06/05/2021 15:50:20,sit straight dinner table fit dessert inquot listening kids taught table etiquette cbc radio,1,positive,0.30
84,Shubham Semwal,06/05/2021 15:50:20,going play like winner got fuel like winner dwight shrute,0,neutral,0.00
86,Shubham Semwal,06/05/2021 15:50:20,ive thinking mighty boosh make movie quot,1,positive,0.40
88,Shubham Semwal,06/05/2021 15:50:20,ill never understand hahahah brother,3,negative,-0.50
96,Shubham Semwal,06/05/2021 15:50:20,im staring looking extended periods timequot,0,neutral,0.00
97,Shubham Semwal,06/05/2021 15:50:20,im girlquot makes sad,3,negative,-0.50
98,Shubham Semwal,06/05/2021 15:50:20,im boat literally lake day,0,neutral,0.00
100,Shubham Semwal,06/05/2021 15:50:20,im pretty fly jedi lol every time,2,Very positive,0.62
111,Shubham Semwal,06/05/2021 15:50:20,intuition becomes increasingly valuable new information society precisely much data john naisbitt use,1,positive,0.17
116,Shubham Semwal,06/05/2021 15:50:20,always better togetherquot,1,positive,0.50
122,Shubham Semwal,06/05/2021 15:50:20,okay type smart single watching casino royale yet,1,positive,0.21
124,Shubham Semwal,06/05/2021 15:50:20,jeff shut nobody likes quot,0,neutral,0.00
126,Shubham Semwal,06/05/2021 15:50:20,jo dids daisy back apparently sam thatll make much happier joey much better everyonequot,1,positive,0.19
129,Shubham Semwal,06/05/2021 15:50:20,keep pushin bc evntually ull look around amp realize uve made top tunnel vision lt lt says,1,positive,0.50
132,Shubham Semwal,06/05/2021 15:50:20,keeping guard relationship keeps love quot,1,positive,0.50
139,Shubham Semwal,06/05/2021 15:50:20,la la la la la jon knightquot finally got ipod fixed,1,positive,0.05
147,Shubham Semwal,06/05/2021 15:50:20,let earth touch skyquot hint heart connection lll,0,neutral,0.00
156,Shubham Semwal,06/05/2021 15:50:20,lifes like jump rope newest song discovery love,1,positive,0.50
166,Shubham Semwal,06/05/2021 15:50:20,lovebugquot romantic song eveeeeeeeeeeeeeer ahhh genius,0,neutral,0.00
174,Shubham Semwal,06/05/2021 15:50:20,masturbation fun quot,1,positive,0.30
175,Shubham Semwal,06/05/2021 15:50:20,maybe years day dreams would match pain mushaboom quot,0,neutral,0.00
181,Shubham Semwal,06/05/2021 15:50:20,mr billquot apparently big facebook picture uploads keep crashing system,0,neutral,0.00
195,Shubham Semwal,06/05/2021 15:50:20,matter always madquot sound familiar guys theory deadman coming also rob thomas brand new one jw,1,positive,0.30
196,Shubham Semwal,06/05/2021 15:50:20,person ever fully discovers develops full potential dares riskquot micheal de montaigne lovely morning,1,positive,0.28
197,Shubham Semwal,06/05/2021 15:50:20,north koreaquot entrou tt omg sinal fim,0,neutral,0.00
199,Shubham Semwal,06/05/2021 15:50:20,back studying algebra regentsquot,0,neutral,0.00
201,Shubham Semwal,06/05/2021 15:50:20,star trekquot much larger screen lens flares even worse capt pike cool scotty fun urban mccoy cartoon though,1,positive,0.05
203,Shubham Semwal,06/05/2021 15:50:20,stop following hates twitter sorry,3,negative,-0.25
207,Shubham Semwal,06/05/2021 15:50:20,stuffquot would without stuffquot,0,neutral,0.00
210,Shubham Semwal,06/05/2021 15:50:20,tainted lovequot soft cell,1,positive,0.10
212,Shubham Semwal,06/05/2021 15:50:20,take shirt helps aero dynamics dunk betterquot haha hollsiter guy,1,positive,0.20
216,Shubham Semwal,06/05/2021 15:50:20,team jrnquot singing nordkjosmessaquot year,0,neutral,0.00
223,Shubham Semwal,06/05/2021 15:50:20,fucking money like jedi mind shit swingers havent seen forever,3,negative,-0.40
234,Shubham Semwal,06/05/2021 15:50:20,thanks interrest terminator sarah connor chronicles give resistance join us,1,positive,0.20
238,Shubham Semwal,06/05/2021 15:50:20,revised aka holding back views got robbed amp bein rlly cool,1,positive,0.17
254,Shubham Semwal,06/05/2021 15:50:20,regal booth running joe jealous,0,neutral,0.00
256,Shubham Semwal,06/05/2021 15:50:20,one week go glasto world cup great effort people thanks donated,1,positive,0.50
264,Shubham Semwal,06/05/2021 15:50:20,something miss stupid long distance relationships,3,negative,-0.42
265,Shubham Semwal,06/05/2021 15:50:20,best trend topic ive seen far,2,Very positive,0.55
270,Shubham Semwal,06/05/2021 15:50:20,u wakin saturday morning freakin bc u set ur alarm thinking ur ate hell work smh happened,0,neutral,0.00
271,Shubham Semwal,06/05/2021 15:50:20,shuld get every night maybe cuple f times god fr yur health,0,neutral,0.00
272,Shubham Semwal,06/05/2021 15:50:20,takes questions via cool app available yet though,1,positive,0.38
279,Shubham Semwal,06/05/2021 15:50:20,brothers grimmquot,0,neutral,0.00
281,Shubham Semwal,06/05/2021 15:50:20,chances finding survivors tiny sarko feared dead rip,3,negative,-0.10
288,Shubham Semwal,06/05/2021 15:50:20,directorate assassinate failwhale msg got sad,3,negative,-0.50
291,Shubham Semwal,06/05/2021 15:50:20,hangoverquot beyond hilarious go see,1,positive,0.50
292,Shubham Semwal,06/05/2021 15:50:20,hardest sell ever make henie,0,neutral,0.00
301,Shubham Semwal,06/05/2021 15:50:20,time travelers wifequot trailer shes readhead movie,0,neutral,0.00
305,Shubham Semwal,06/05/2021 15:50:20,world knowquot always makes sad,3,negative,-0.50
315,Shubham Semwal,06/05/2021 15:50:20,oh called thought david cook admit made smile,1,positive,0.30
318,Shubham Semwal,06/05/2021 15:50:20,ohoh ohoh hook ohoh ohohquot yayyyy kellly rocks,0,neutral,0.00
319,Shubham Semwal,06/05/2021 15:50:20,oldtimers weekends airplane landings alike walk away successfulquot casey stengel morning,0,neutral,0.00
321,Shubham Semwal,06/05/2021 15:50:20,wednesdays go shopping buttered scones tea yes blog title jen,0,neutral,0.00
329,Shubham Semwal,06/05/2021 15:50:20,part listquot kick outquot jamsss,0,neutral,0.00
335,Shubham Semwal,06/05/2021 15:50:20,peter pan amp wendy turned fine fly fly jonas brothers,2,Very positive,0.67
336,Shubham Semwal,06/05/2021 15:50:20,peter pan wendy turne fine fly yep guessed almost days lvatt comes june th eep,2,Very positive,0.61
337,Shubham Semwal,06/05/2021 15:50:20,peter dog giving diabetesquot,0,neutral,0.00
340,Shubham Semwal,06/05/2021 15:50:20,please wait minutes vote againquot really puts damper fun thumbs upping downing parts films youtube,1,positive,0.25
348,Shubham Semwal,06/05/2021 15:50:20,r u th ch au u b ngquot bung cua nguoi thit cho hay cua ban gai nguoi ay bad bad,4,Very negative,-0.70
351,Shubham Semwal,06/05/2021 15:50:20,ring bell gon start quot,0,neutral,0.00
362,Shubham Semwal,06/05/2021 15:50:20,looked beautiful wallpaper taylor swift goodnight f l,2,Very positive,0.85
366,Shubham Semwal,06/05/2021 15:50:20,one thursday day stella head worst vodka catches ya later day,3,negative,-0.50
367,Shubham Semwal,06/05/2021 15:50:20,stars wars day mes ja ja binks ha crappy day outside though ah well makes bit motivation revise,0,neutral,0.00
368,Shubham Semwal,06/05/2021 15:50:20,woofwednesday precious yr old golden named bella suffering seizures meds definitely affect personality,1,positive,0.17
369,Shubham Semwal,06/05/2021 15:50:20,alone night thought heard footsteps behind ones fear dark iron maiden,3,negative,-0.28
372,Shubham Semwal,06/05/2021 15:50:20,dropped soap shower home still scared pick,0,neutral,0.00
373,Shubham Semwal,06/05/2021 15:50:20,eaten chili tofu mushrooms rice soya sauce garlic pineapple durian yesterday,0,neutral,0.00
379,Shubham Semwal,06/05/2021 15:50:20,use porta potty deg heat yes pleasant lol,2,Very positive,0.77
388,Shubham Semwal,06/05/2021 15:50:20,shook wetness like animals step shower lol cuts drying time half,1,positive,0.32
390,Shubham Semwal,06/05/2021 15:50:20,stole someone parking permit car stealing park waiting patiently either,0,neutral,0.00
393,Shubham Semwal,06/05/2021 15:50:20,slow always better trust cuz dr dr dre new dr pepper commercial smh super corny,1,positive,0.13
395,Shubham Semwal,06/05/2021 15:50:20,smulanquot sank ended one palm island two months hitched ride passing banana boat rotterdam,0,neutral,0.00
396,Shubham Semwal,06/05/2021 15:50:20,blame pilots dead defend themselvesquot gt something get used unfortunately,3,negative,-0.35
398,Shubham Semwal,06/05/2021 15:50:20,rise sin virtue fallquot irony life good morning,2,Very positive,0.70
401,Shubham Semwal,06/05/2021 15:50:20,sooner later comes crashin ill see soon nerd,3,negative,-0.25
402,Shubham Semwal,06/05/2021 15:50:20,sophia cry beautifulquot lt,0,neutral,0.00
406,Shubham Semwal,06/05/2021 15:50:20,staycationquot starts work today time unwind atl long weekend enjoy,1,positive,0.18
411,Shubham Semwal,06/05/2021 15:50:20,lonely day mine loneliest day lifequot tenho tantas saudades tuas,3,negative,-0.10
428,Shubham Semwal,06/05/2021 15:50:20,addiction problem w tweeting goodnight tweeters,0,neutral,0.00
453,Shubham Semwal,06/05/2021 15:50:20,theres cant company cant cant stay boss,0,neutral,0.00
464,Shubham Semwal,06/05/2021 15:50:20,think different via shadowden im pc im,0,neutral,0.00
470,Shubham Semwal,06/05/2021 15:50:20,version iphone software current versionquot also kicks,0,neutral,0.00
472,Shubham Semwal,06/05/2021 15:50:20,titties fit size mom chick ea press conference lmao,1,positive,0.50
473,Shubham Semwal,06/05/2021 15:50:20,thousand milesquot vanessa carlton heard sing video got stuck head,0,neutral,0.00
476,Shubham Semwal,06/05/2021 15:50:20,boldly go one gone quot,1,positive,0.33
478,Shubham Semwal,06/05/2021 15:50:20,love loved feel sun sides david viscott via lt lt lt thats warm,2,Very positive,0.60
479,Shubham Semwal,06/05/2021 15:50:20,eat bag hull less cheese popcorn less secs ur going sick,3,negative,-0.35
480,Shubham Semwal,06/05/2021 15:50:20,getting ready dan give talk school ict changes asked help another session afterwards,1,positive,0.20
483,Shubham Semwal,06/05/2021 15:50:20,man travel time make money makes money lmao,2,Very positive,0.60
486,Shubham Semwal,06/05/2021 15:50:21,ufos paranormal know know hence geek username,0,neutral,0.00
488,Shubham Semwal,06/05/2021 15:50:21,stephenbaldwin dont know big brother lol,1,positive,0.40
496,Shubham Semwal,06/05/2021 15:50:21,would boyfriend right,1,positive,0.29
498,Shubham Semwal,06/05/2021 15:50:21,would least little butt lol,1,positive,0.10
502,Shubham Semwal,06/05/2021 15:50:21,would twittering right busy getting laid,1,positive,0.19
504,Shubham Semwal,06/05/2021 15:50:21,wouldnt tired wouldnt hot daaaaaamn,3,negative,-0.08
507,Shubham Semwal,06/05/2021 15:50:21,would suffer insomnia,0,neutral,0.00
508,Shubham Semwal,06/05/2021 15:50:21,id able start mma career without trying hard yeahhh ri,1,positive,0.10
511,Shubham Semwal,06/05/2021 15:50:21,would sunny degrees like july fuck new england,3,negative,-0.13
513,Shubham Semwal,06/05/2021 15:50:21,jarrett would died would right,1,positive,0.29
517,Shubham Semwal,06/05/2021 15:50:21,men wouldnt try fuck u azz hot flash painful,3,negative,-0.28
529,Shubham Semwal,06/05/2021 15:50:21,could gank noobrs mains wouldnt come,0,neutral,0.00
535,Shubham Semwal,06/05/2021 15:50:21,os release times pdtpm estpm gmtpm istam aestam nzt please tweet clear confusion,1,positive,0.10
537,Shubham Semwal,06/05/2021 15:50:21,restore apparently takes forever,1,positive,0.05
538,Shubham Semwal,06/05/2021 15:50:21,loving sister wish closed eyes time come end last glance burns soul quot,1,positive,0.17
544,Shubham Semwal,06/05/2021 15:50:21,like moussavi pronounce name hope things get worked death,0,neutral,0.00
551,Shubham Semwal,06/05/2021 15:50:21,yellow pressquot alive well st century quickly forget uss maine,1,positive,0.14
552,Shubham Semwal,06/05/2021 15:50:21,prophet pboh might well think duck housesmoats vs gunning unarmed people street,0,neutral,0.00
555,Shubham Semwal,06/05/2021 15:50:21,unfortunately fog nightquot secret police mo,3,negative,-0.45
556,Shubham Semwal,06/05/2021 15:50:21,us still engaging iran particular prospect direct negotiations nuclear program cnn,1,positive,0.22
557,Shubham Semwal,06/05/2021 15:50:21,vote following follow follow follow baby cakes,0,neutral,0.00
560,Shubham Semwal,06/05/2021 15:50:21,da end th grade year moms pick da stuff confiscated dat year got walkmans back,0,neutral,0.00
564,Shubham Semwal,06/05/2021 15:50:21,sleep perchance dream goodnight twitterville,0,neutral,0.00
566,Shubham Semwal,06/05/2021 15:50:21,tonight miss saigonquot broadway west end musicalhit miss saigon,0,neutral,0.00
574,Shubham Semwal,06/05/2021 15:50:21,two moreeeeee quot,0,neutral,0.00
576,Shubham Semwal,06/05/2021 15:50:21,trigonometryquot overheard today,0,neutral,0.00
577,Shubham Semwal,06/05/2021 15:50:21,upquot blew mind laughed cried loved,2,Very positive,0.70
582,Shubham Semwal,06/05/2021 15:50:21,busy update much read messages though thank yes mequot aaaaaaaaa love,1,positive,0.27
583,Shubham Semwal,06/05/2021 15:50:21,volareee woooooo hooo cantare woo hoohooquot next friday night song,0,neutral,0.00
584,Shubham Semwal,06/05/2021 15:50:21,waking vegasquot stuck head going watch happens vegas lt,0,neutral,0.00
587,Shubham Semwal,06/05/2021 15:50:21,watching secret life elephantsquot bbc cuuttee good morning btw,1,positive,0.15
592,Shubham Semwal,06/05/2021 15:50:21,got best world lalala hahah watch late nite hannah montana movie tired need start studying tmr nitez,1,positive,0.10
595,Shubham Semwal,06/05/2021 15:50:21,tears start nightly go away tears start goldfrapp tiptoe,0,neutral,0.00
596,Shubham Semwal,06/05/2021 15:50:21,ted starring boobs defense starring quot,0,neutral,0.00
611,Shubham Semwal,06/05/2021 15:50:21,constantquot makes feel good,2,Very positive,0.70
613,Shubham Semwal,06/05/2021 15:50:21,dancing teaching teacher points thatquot c steve paxton thats love ci,1,positive,0.50
617,Shubham Semwal,06/05/2021 15:50:21,hardest thing watch one love love someone else anonymous im feeling rite,1,positive,0.50
622,Shubham Semwal,06/05/2021 15:50:21,lambertquot lamb gothquot lol nicknames r works art biting nails waiting video,2,Very positive,0.80
632,Shubham Semwal,06/05/2021 15:50:21,racist want arabsquot,0,neutral,0.00
646,Shubham Semwal,06/05/2021 15:50:21,made eggsquot theres food want somequot first words big sister said today since moved,1,positive,0.12
648,Shubham Semwal,06/05/2021 15:50:21,said wear converse dress well baby xd love demi totally writes best songs,1,positive,0.50
650,Shubham Semwal,06/05/2021 15:50:21,fuck general failure reading hard disk quot,3,negative,-0.24
652,Shubham Semwal,06/05/2021 15:50:21,going first concert backstreet boys amazing thing ever lol,2,Very positive,0.55
656,Shubham Semwal,06/05/2021 15:50:21,stunned txt msg gt still sometimes,0,neutral,0.00
664,Shubham Semwal,06/05/2021 15:50:21,playing street kids yearning sunlight cold winter days making paper boats rainy days,4,Very negative,-0.60
669,Shubham Semwal,06/05/2021 15:50:21,bad times northern ireland,4,Very negative,-0.70
673,Shubham Semwal,06/05/2021 15:50:21,wearing tommy hilfiger socks drawers wheres tommy,0,neutral,0.00
680,Shubham Semwal,06/05/2021 15:50:21,dint hiccups make go away,0,neutral,0.00
689,Shubham Semwal,06/05/2021 15:50:21,worked momcleaned stuff gave extra pocketmoney doesnt working cuz im lazy,3,negative,-0.12
691,Shubham Semwal,06/05/2021 15:50:21,grandma used still full spunk energy,1,positive,0.35
694,Shubham Semwal,06/05/2021 15:50:21,smoking lesser crime say graffiti,0,neutral,0.00
698,Shubham Semwal,06/05/2021 15:50:21,need another coffee spell properly,0,neutral,0.00
708,Shubham Semwal,06/05/2021 15:50:21,needs many outweigh needs one aww spock best funeral though lt,2,Very positive,0.60
714,Shubham Semwal,06/05/2021 15:50:21,router downquot call want wake saturday morning,0,neutral,0.00
727,Shubham Semwal,06/05/2021 15:50:21,swine flu treated pigs better quot,1,positive,0.50
728,Shubham Semwal,06/05/2021 15:50:21,theres part every part outrun ah love song lyrics,1,positive,0.50
732,Shubham Semwal,06/05/2021 15:50:21,theyre like chocolate cake like cigarettes know bad leave em alooone quot,4,Very negative,-0.70
740,Shubham Semwal,06/05/2021 15:50:21,turnright wow amazing lt,1,positive,0.35
745,Shubham Semwal,06/05/2021 15:50:21,says hi kerrie come visit fun kiss kiss kiss,1,positive,0.30
750,Shubham Semwal,06/05/2021 15:50:21,sighting offspring woodpecker sighted nuts either got lot smaller,0,neutral,0.00
768,Shubham Semwal,06/05/2021 15:50:21,endless love left sleeping sleeping wake upquot lt really touchy phrase,1,positive,0.14
774,Shubham Semwal,06/05/2021 15:50:21,workingquot home rules practice often,0,neutral,0.00
775,Shubham Semwal,06/05/2021 15:50:21,writingquot code name making,0,neutral,0.00
800,Shubham Semwal,06/05/2021 15:50:21,plan tonight book top believe able power hayley instance,1,positive,0.50
806,Shubham Semwal,06/05/2021 15:50:21,heyyy heyyyyy goodbye,0,neutral,0.00
807,Shubham Semwal,06/05/2021 15:50:21,led whole game delivered decisive win team rocks,1,positive,0.20
812,Shubham Semwal,06/05/2021 15:50:21,cuts lung cancer tumor growth half,3,negative,-0.17
814,Shubham Semwal,06/05/2021 15:50:21,number great job family,2,Very positive,0.80
815,Shubham Semwal,06/05/2021 15:50:21,monday paulrbarber lt great tweeple,2,Very positive,0.80
819,Shubham Semwal,06/05/2021 15:50:21,everyone please keep voting many times deserve boys,1,positive,0.50
822,Shubham Semwal,06/05/2021 15:50:21,need stop scaredy cat every sudden little sound startling,3,negative,-0.07
826,Shubham Semwal,06/05/2021 15:50:21,minnn cant wait listening thatputting myspace going sleep twentyyyyyy today,0,neutral,0.00
830,Shubham Semwal,06/05/2021 15:50:21,hope listened songs funny l still heard ticks x,1,positive,0.25
833,Shubham Semwal,06/05/2021 15:50:21,eight thousand degrees one buying anything hell people even take free samples,1,positive,0.40
834,Shubham Semwal,06/05/2021 15:50:21,last time f ing anything cool,1,positive,0.17
837,Shubham Semwal,06/05/2021 15:50:21,share part todays riding new motorbike,1,positive,0.14
839,Shubham Semwal,06/05/2021 15:50:21,recommend also round nice guy friendly tweets,1,positive,0.26
850,Shubham Semwal,06/05/2021 15:50:21,trashquot husbands favourite words,0,neutral,0.00
856,Shubham Semwal,06/05/2021 15:50:21,fair goodnight pleasing dreams slumbers lightquot sir walter scott,2,Very positive,0.70
863,Shubham Semwal,06/05/2021 15:50:21,little work experience every place keeps saying ever get experience,3,negative,-0.19
866,Shubham Semwal,06/05/2021 15:50:21,tweetheartsquot like x,0,neutral,0.00
872,Shubham Semwal,06/05/2021 15:50:21,u know st date awkwardness twitter like hang gether comfortable u becomequot via,1,positive,0.40
876,Shubham Semwal,06/05/2021 15:50:21,upquot clever colorful movie pull balloon strings,1,positive,0.23
878,Shubham Semwal,06/05/2021 15:50:21,upquot awesome miss,2,Very positive,1.00
888,Shubham Semwal,06/05/2021 15:50:21,paulo nutini candy glasgow boy made good,2,Very positive,0.70
889,Shubham Semwal,06/05/2021 15:50:21,boom boom powquot black eyed peas,3,negative,-0.17
892,Shubham Semwal,06/05/2021 15:50:21,truly amazing people love lt love england,2,Very positive,0.53
894,Shubham Semwal,06/05/2021 15:50:21,songs spesh oohh love underneath sky amazing,2,Very positive,0.55
911,Shubham Semwal,06/05/2021 15:50:21,cant better design computer speed work enormously wim crouwel,1,positive,0.25
912,Shubham Semwal,06/05/2021 15:50:21,cant directly upgrade windows xp windows quot,1,positive,0.10
916,Shubham Semwal,06/05/2021 15:50:21,going always mess pairing seasonal people lifetime expectationsquot madea,3,negative,-0.17
919,Shubham Semwal,06/05/2021 15:50:21,know even cooler zebra print sunglasses wearing dark hannah,3,negative,-0.15
924,Shubham Semwal,06/05/2021 15:50:21,look really sexy probs kill mequot funniest comment ever,1,positive,0.50
936,Shubham Semwal,06/05/2021 15:50:21,woman priceless dont call dime im slightly sober im wat best kinky stuff soccer babay,2,Very positive,0.70
943,Shubham Semwal,06/05/2021 15:50:21,listening setsurenka lareine,0,neutral,0.00
944,Shubham Semwal,06/05/2021 15:50:21,maybe old news matt amp kim make delicious fun sized song nuggets ps patrick wolf days,1,positive,0.47
946,Shubham Semwal,06/05/2021 15:50:21,time john cena rafaga,0,neutral,0.00
950,Shubham Semwal,06/05/2021 15:50:21,right round flo rida love song lt,1,positive,0.20
953,Shubham Semwal,06/05/2021 15:50:21,still listening lucky jason mraz amp colbie caillat,1,positive,0.33
965,Shubham Semwal,06/05/2021 15:50:21,superstar usher boobie,0,neutral,0.00
973,Shubham Semwal,06/05/2021 15:50:21,user interface servicequot omg force fail,3,negative,-0.50
978,Shubham Semwal,06/05/2021 15:50:21,always hold hands let go shops quot,0,neutral,0.00
986,Shubham Semwal,06/05/2021 15:50:21,young times easy could see sad,1,positive,0.01
988,Shubham Semwal,06/05/2021 15:50:21,welcome homequot yay fast flight,1,positive,0.50
991,Shubham Semwal,06/05/2021 15:50:21,well beets cover bandquot would pay money see,0,neutral,0.00
993,Shubham Semwal,06/05/2021 15:50:21,pretty bizarre us better hiding breakfast club amazingg,1,positive,0.38
1019,Shubham Semwal,06/05/2021 15:50:21,bottle mountain dew box cheese itz blunt,0,neutral,0.00
1022,Shubham Semwal,06/05/2021 15:50:21,song voice sends chill spine yuuuuuuup,0,neutral,0.00
1023,Shubham Semwal,06/05/2021 15:50:21,brandon flowers angelina jolie,0,neutral,0.00
1028,Shubham Semwal,06/05/2021 15:50:21,food stationery organisers,0,neutral,0.00
1033,Shubham Semwal,06/05/2021 15:50:21,youre indecisive decisive decide quot,0,neutral,0.00
1035,Shubham Semwal,06/05/2021 15:50:21,youre bumbaclot quot,0,neutral,0.00
1038,Shubham Semwal,06/05/2021 15:50:21,youve stolen heart yes youve wiped away stains broken away chains miss girlfriend,3,negative,-0.40
1043,Shubham Semwal,06/05/2021 15:50:21,hmmmmmm loveyousomuchhhbabeee xxxxxxxxxxxxx,0,neutral,0.00
1046,Shubham Semwal,06/05/2021 15:50:21,sigh soooo mood today nope,0,neutral,0.00
1048,Shubham Semwal,06/05/2021 15:50:21,tweethug todays hug tweet hey fine tuesday hugsquot update,1,positive,0.42
1051,Shubham Semwal,06/05/2021 15:50:21,oooooooooo sun still shinning happy face coffee lots lots coffee mmmmmm coffee,2,Very positive,0.80
1052,Shubham Semwal,06/05/2021 15:50:21,hater quit makin fun help love donnie get ur ho lub ya,1,positive,0.40
1057,Shubham Semwal,06/05/2021 15:50:21,oh snap skittles lol thanks brandy,1,positive,0.50
1059,Shubham Semwal,06/05/2021 15:50:21,ok dana shut know gave body wash ended body lotion,1,positive,0.50
1060,Shubham Semwal,06/05/2021 15:50:21,oh snap got dissed party moving another venue get invited,0,neutral,0.00
1062,Shubham Semwal,06/05/2021 15:50:21,couldnt resist new slip n slide apparently dont make adults note self baby oil gel,1,positive,0.09
1068,Shubham Semwal,06/05/2021 15:50:21,popeyes chicken piecewmashed potatoes amp biscuit,4,Very negative,-0.60
1073,Shubham Semwal,06/05/2021 15:50:21,designer pages took twitter virginity yay rock world,0,neutral,0.00
1078,Shubham Semwal,06/05/2021 15:50:21,looks like oughtaquot series sweet,1,positive,0.35
1079,Shubham Semwal,06/05/2021 15:50:21,fan either team head says detroit feet say pens heart care go kings,0,neutral,0.00
1084,Shubham Semwal,06/05/2021 15:50:21,digital transition locals,0,neutral,0.00
1089,Shubham Semwal,06/05/2021 15:50:21,hide keys cell phone get stay longer,0,neutral,0.00
1090,Shubham Semwal,06/05/2021 15:50:21,spelled onthelowquot wrong,3,negative,-0.50
1094,Shubham Semwal,06/05/2021 15:50:21,paley center tribute wish could go,3,negative,-0.10
1099,Shubham Semwal,06/05/2021 15:50:21,much better us opening overs good,2,Very positive,0.60
1102,Shubham Semwal,06/05/2021 15:50:21,could score power play left third,0,neutral,0.00
1105,Shubham Semwal,06/05/2021 15:50:21,awesome fog machine oh wait nevermind via ahaha rting tj phish nsite,2,Very positive,1.00
1109,Shubham Semwal,06/05/2021 15:50:21,running successfuly via get ems running,0,neutral,0.00
1111,Shubham Semwal,06/05/2021 15:50:21,unsurprisingly rather rowdy morning,0,neutral,0.00
1122,Shubham Semwal,06/05/2021 15:50:22,celeb crushes sean connery paul walker davy jones zac efron shia lebouf besides bsb amp nkotb,0,neutral,0.00
1139,Shubham Semwal,06/05/2021 15:50:22,wish naoko takeuchi would art kousagi still color fuku lavender,0,neutral,0.00
1142,Shubham Semwal,06/05/2021 15:50:22,awesome news leo awards sanctuary looks like got nomintated bad,1,positive,0.15
1144,Shubham Semwal,06/05/2021 15:50:22,dont dare tell shut fuck upquot logan wait sleepin shure,3,negative,-0.40
1150,Shubham Semwal,06/05/2021 15:50:22,people never tell things,0,neutral,0.00
1155,Shubham Semwal,06/05/2021 15:50:22,oh snap grandfather died im sad,3,negative,-0.50
1163,Shubham Semwal,06/05/2021 15:50:22,im horny wont help get twitter orgasm lol hands folded bottom lip pokd,2,Very positive,0.80
1167,Shubham Semwal,06/05/2021 15:50:22,found jesus pants nessa amp jarrad,0,neutral,0.00
1179,Shubham Semwal,06/05/2021 15:50:22,jack savoretti sadly young enough son,1,positive,0.05
1185,Shubham Semwal,06/05/2021 15:50:22,hope u want trending topics,0,neutral,0.00
1186,Shubham Semwal,06/05/2021 15:50:22,photos loaded facebook friend,0,neutral,0.00
1194,Shubham Semwal,06/05/2021 15:50:22,mousetrap car traveled showing caused mousetrap break starting,0,neutral,0.00
1198,Shubham Semwal,06/05/2021 15:50:22,crime going comb hair cause good lookin guy quot,2,Very positive,0.70
1199,Shubham Semwal,06/05/2021 15:50:22,love someone love got english book,1,positive,0.33
1207,Shubham Semwal,06/05/2021 15:50:22,said wear converse dress demi lovato la la landquot lt,0,neutral,0.00
1209,Shubham Semwal,06/05/2021 15:50:22,must forget gt gary,0,neutral,0.00
1224,Shubham Semwal,06/05/2021 15:50:22,yelp currently maintenance much cupcake hunting,1,positive,0.10
1233,Shubham Semwal,06/05/2021 15:50:22,thanks following tweets pleasure,1,positive,0.10
1238,Shubham Semwal,06/05/2021 15:50:22,burning hand iphone pretty much mobile device handle right waddaboutit,1,positive,0.25
1244,Shubham Semwal,06/05/2021 15:50:22,good night maaan could really use iphone cheer brushes death noooo fun,1,positive,0.40
1247,Shubham Semwal,06/05/2021 15:50:22,bet never win beacuse im england im always posting bed ignore,3,negative,-0.40
1248,Shubham Semwal,06/05/2021 15:50:22,could find atamp store best buy iphone available within mile radius,2,Very positive,0.70
1251,Shubham Semwal,06/05/2021 15:50:22,crazy bout precious phone afford,3,negative,-0.05
1260,Shubham Semwal,06/05/2021 15:50:22,lotta people squarespacing starting think might go buy lottery ticket buy iphone winnings,0,neutral,0.00
1271,Shubham Semwal,06/05/2021 15:50:22,law kill innocent pigs,1,positive,0.50
1273,Shubham Semwal,06/05/2021 15:50:22,waltz going death sorry vitolio asuka,3,negative,-0.50
1280,Shubham Semwal,06/05/2021 15:50:22,man oh man gorgeous humid free day houston god bless texas,2,Very positive,0.55
1285,Shubham Semwal,06/05/2021 15:50:22,oh snap kind nuts right told least thanks babes,1,positive,0.20
1290,Shubham Semwal,06/05/2021 15:50:22,work today still feel like crap bed sleep bloody birds outside would shut,4,Very negative,-0.53
1305,Shubham Semwal,06/05/2021 15:50:22,note self teach daughter make coffee next mothers day tried,0,neutral,0.00
1309,Shubham Semwal,06/05/2021 15:50:22,yu aint sheiit hoe shut,0,neutral,0.00
1313,Shubham Semwal,06/05/2021 15:50:22,note self never ever leave macbook pro stupid icurve fell,4,Very negative,-0.80
1314,Shubham Semwal,06/05/2021 15:50:22,ok ok hourss later still havent started headed redbull n study pills yayyy medschool,1,positive,0.33
1329,Shubham Semwal,06/05/2021 15:50:22,miss shots take think win iphone today forgot say,2,Very positive,0.80
1332,Shubham Semwal,06/05/2021 15:50:22,press bottle lips wish beer quot,0,neutral,0.00
1333,Shubham Semwal,06/05/2021 15:50:22,think days ordinary one ever thinks hardly breathe without youquot,3,negative,-0.27
1337,Shubham Semwal,06/05/2021 15:50:22,going miss going want back going wish days gone fastquot true already miss year,1,positive,0.17
1348,Shubham Semwal,06/05/2021 15:50:22,think homeless person took bath mouth sleeping,0,neutral,0.00
1351,Shubham Semwal,06/05/2021 15:50:22,yeah raindrops flying face shot,0,neutral,0.00
1362,Shubham Semwal,06/05/2021 15:50:22,cont mid day meal relaxing hammock great day,1,positive,0.40
1367,Shubham Semwal,06/05/2021 15:50:22,cont make video guys see build least release still files traceable,3,negative,-0.30
1374,Shubham Semwal,06/05/2021 15:50:22,seo smo marketing try,0,neutral,0.00
1375,Shubham Semwal,06/05/2021 15:50:22,hangover saw monday night watching one funniest movies ever,0,neutral,0.00
1377,Shubham Semwal,06/05/2021 15:50:22,listening fratellis working enough followers enough people follow,0,neutral,0.00
1394,Shubham Semwal,06/05/2021 15:50:22,tuesdays im amp im going sleep yet feel like twitter peacee mucho love private,1,positive,0.25
1396,Shubham Semwal,06/05/2021 15:50:22,going well trainers knowledgable whats important fun,1,positive,0.35
1403,Shubham Semwal,06/05/2021 15:50:22,fri p oh also found interesting la related google street view photos www pixfeed blogspot com,1,positive,0.25
1407,Shubham Semwal,06/05/2021 15:50:22,justin body tells time work im going go running,0,neutral,0.00
1410,Shubham Semwal,06/05/2021 15:50:22,missed pirate critical mass caught tweets followed dustins gps tracker,0,neutral,0.00
1411,Shubham Semwal,06/05/2021 15:50:22,music im happy wait end month come dance,2,Very positive,0.80
1419,Shubham Semwal,06/05/2021 15:50:22,sad mom said might move next summer tearz,3,negative,-0.25
1422,Shubham Semwal,06/05/2021 15:50:22,sigh hard explain reasons,3,negative,-0.29
1423,Shubham Semwal,06/05/2021 15:50:22,sigh gt relief finished exams gt rolled eyes stuck train next someone smelling rancid dairyleasubway cheese,0,neutral,0.00
1427,Shubham Semwal,06/05/2021 15:50:22,people needing airlift,0,neutral,0.00
1432,Shubham Semwal,06/05/2021 15:50:22,v playing missing tweets friends list appearing mentions friends,3,negative,-0.20
1435,Shubham Semwal,06/05/2021 15:50:22,twitter role playing game check us adorable avatars funky items,1,positive,0.05
1443,Shubham Semwal,06/05/2021 15:50:22,titter started nothing still,0,neutral,0.00
1445,Shubham Semwal,06/05/2021 15:50:22,fucking hard right annoying,3,negative,-0.27
1447,Shubham Semwal,06/05/2021 15:50:22,draining iphone battery,0,neutral,0.00
1448,Shubham Semwal,06/05/2021 15:50:22,mine tiki mount name first pet name street grew kid,1,positive,0.25
1449,Shubham Semwal,06/05/2021 15:50:22,one newest admins tweetup group fb yeah going help us plan outdoor events,0,neutral,0.00
1459,Shubham Semwal,06/05/2021 15:50:22,youre dork know guys waiting say quot,0,neutral,0.00
1465,Shubham Semwal,06/05/2021 15:50:22,loving life yay praise god blessings flow tad feeling creative inspired,2,Very positive,0.55
1467,Shubham Semwal,06/05/2021 15:50:22,idk mom finish cooking delayed due gas gaah already,3,negative,-0.12
1470,Shubham Semwal,06/05/2021 15:50:22,deep breath ok n atom bottle port left cats fussed hubby dozing n tweeps happy wif life deed done n bed,1,positive,0.33
1477,Shubham Semwal,06/05/2021 15:50:22,omg got ball shoes today,0,neutral,0.00
1508,Shubham Semwal,06/05/2021 15:50:22,lost air france jet passengers vanishes radars,0,neutral,0.00
1509,Shubham Semwal,06/05/2021 15:50:22,tweeters long day blessed get closing eyes getting ready tmr,1,positive,0.08
1514,Shubham Semwal,06/05/2021 15:50:22,hes youquot shizz oopsies hehe,0,neutral,0.00
1515,Shubham Semwal,06/05/2021 15:50:22,simply weak verse ima put herquot say touched president ciroq obamaquot,3,negative,-0.38
1520,Shubham Semwal,06/05/2021 15:50:22,bloody hell latest rumour whirlpool optus wont release android months,3,negative,-0.15
1523,Shubham Semwal,06/05/2021 15:50:22,dibley call budgie run lawn mower shredded tweet seemed apt,2,Very positive,0.60
1524,Shubham Semwal,06/05/2021 15:50:22,dolly parton jolene last song see tomorrow,0,neutral,0.00
1526,Shubham Semwal,06/05/2021 15:50:22,client nah give telnet port number,0,neutral,0.00
1531,Shubham Semwal,06/05/2021 15:50:22,birthday starts tonight midnight june st years spread word,0,neutral,0.00
1537,Shubham Semwal,06/05/2021 15:50:22,pretty filipino girls,1,positive,0.25
1545,Shubham Semwal,06/05/2021 15:50:22,blast furnace note self late remember proof read hitting send,3,negative,-0.30
1548,Shubham Semwal,06/05/2021 15:50:22,dont trust ho making bfast,0,neutral,0.00
1564,Shubham Semwal,06/05/2021 15:50:22,today insaaaaane need hug,0,neutral,0.00
1567,Shubham Semwal,06/05/2021 15:50:22,nts floss morning dentist appt hurt,0,neutral,0.00
1582,Shubham Semwal,06/05/2021 15:50:22,flashing lights life right gettin started let us gooooo nows time,1,positive,0.29
1590,Shubham Semwal,06/05/2021 15:50:22,addition last tweet listning jona bothers actually blasting windows,0,neutral,0.00
1591,Shubham Semwal,06/05/2021 15:50:22,alert one fave movies five heartbeats yay thought today could get better,1,positive,0.50
1593,Shubham Semwal,06/05/2021 15:50:22,attempts lemon lysol floor cleaner dishwasher coulda sworn got box cascade yesterday find,0,neutral,0.00
1594,Shubham Semwal,06/05/2021 15:50:22,audrey cousin died kidney failure,3,negative,-0.32
1600,Shubham Semwal,06/05/2021 15:50:22,boo hoooos throat sore one cares sniff sniff,0,neutral,0.00
1606,Shubham Semwal,06/05/2021 15:50:22,oh snap nice sunny day london city yo going fun today rdj day,1,positive,0.45
1609,Shubham Semwal,06/05/2021 15:50:22,note self stay awake drivin home sippin tea tired heck great show tonight tho,1,positive,0.20
1636,Shubham Semwal,06/05/2021 15:50:22,us turks didnot e nvade,0,neutral,0.00
1649,Shubham Semwal,06/05/2021 15:50:22,digitale muurkrant hiermee een variant van netvibes een social sharepoint community company social services max,1,positive,0.03
1654,Shubham Semwal,06/05/2021 15:50:22,problemas con twitterquot jeje video humoristico,0,neutral,0.00
1656,Shubham Semwal,06/05/2021 15:50:22,cheese omelette faux bacon hazelnut coffee,0,neutral,0.00
1664,Shubham Semwal,06/05/2021 15:50:22,universes pupil dilating,0,neutral,0.00
1673,Shubham Semwal,06/05/2021 15:50:22,bernice noting back tweet tweetertotter wanted let know tweetertotter awsomest person alive,1,positive,0.05
1675,Shubham Semwal,06/05/2021 15:50:22,come reeeeeeeeeeeescue ok last bye bye,1,positive,0.25
1678,Shubham Semwal,06/05/2021 15:50:22,cont tastes gooood dont like bitter sweet course cofffyy shmellz awesome guess ya,1,positive,0.42
1679,Shubham Semwal,06/05/2021 15:50:22,cont talkin time happened,0,neutral,0.00
1681,Shubham Semwal,06/05/2021 15:50:22,cont since im kind deaf listen music quite loudly already ppl complaining bummer turn volume,1,positive,0.35
1682,Shubham Semwal,06/05/2021 15:50:22,contd heart much attention left tyrannically cute child better part yrs,1,positive,0.30
1689,Shubham Semwal,06/05/2021 15:50:22,sorry mate mean take name vain,3,negative,-0.41
1690,Shubham Semwal,06/05/2021 15:50:22,made mistake named internet servers tmnt hell donatello users asked,0,neutral,0.00
1696,Shubham Semwal,06/05/2021 15:50:22,days japan including hotel round trip dream,3,negative,-0.20
1708,Shubham Semwal,06/05/2021 15:50:22,threadless til next monday shirt buying time,0,neutral,0.00
1711,Shubham Semwal,06/05/2021 15:50:22,esf writing getting worse twitter lol trying trade type makes sound foreign,1,positive,0.17
1716,Shubham Semwal,06/05/2021 15:50:22,ms choppy waters jumped ship way soon,3,negative,-0.20
1717,Shubham Semwal,06/05/2021 15:50:22,msft gt gt gt maybe rethink name bing meaning prison jail www urbanup com lol,1,positive,0.35
1719,Shubham Semwal,06/05/2021 15:50:22,illegal construction noise suffolk delancey way pm let sleep helpful,3,negative,-0.50
1720,Shubham Semwal,06/05/2021 15:50:22,inspector gadget head anyways night kids,0,neutral,0.00
1727,Shubham Semwal,06/05/2021 15:50:22,nina got done blogging thoughts last night lying bed theraflu,0,neutral,0.00
1733,Shubham Semwal,06/05/2021 15:50:23,ooc guess everyone bummed still emmett ughhh anyways xoxo,0,neutral,0.00
1742,Shubham Semwal,06/05/2021 15:50:23,sighi dunno want go ax anymore,0,neutral,0.00
1761,Shubham Semwal,06/05/2021 15:50:23,amp cant believe got ass whopped last night yr old cusin playing ds mario racing kart smh good time beating,1,positive,0.27
1771,Shubham Semwal,06/05/2021 15:50:23,amp katie died hair color st time ever dyed anyone hair love marriage,1,positive,0.50
1772,Shubham Semwal,06/05/2021 15:50:23,amp loci locusesloci whatever please thanks websites helping,1,positive,0.20
1773,Shubham Semwal,06/05/2021 15:50:23,amp voy next last update,0,neutral,0.00
1775,Shubham Semwal,06/05/2021 15:50:23,amp mom giving hella attitude reason ugh fml,0,neutral,0.00
1790,Shubham Semwal,06/05/2021 15:50:23,amp weekend shitt apart drama one night exactly change forever wait leave tomorrow,1,positive,0.25
1792,Shubham Semwal,06/05/2021 15:50:23,amp amp hate conversation depth usually like deep convos bad one,3,negative,-0.44
1797,Shubham Semwal,06/05/2021 15:50:23,amp amp still waiting,0,neutral,0.00
1800,Shubham Semwal,06/05/2021 15:50:23,amp amp chosen people randomized maribeth tanya malenne mica camiiille joyelli,0,neutral,0.00
1806,Shubham Semwal,06/05/2021 15:50:23,amp morgan finally got scared ghost leave sleep house,0,neutral,0.00
1813,Shubham Semwal,06/05/2021 15:50:23,well lied lol tweeted got home much mind im breakdown loose strength,1,positive,0.31
1815,Shubham Semwal,06/05/2021 15:50:23,yawn early today goin fundraiser mile walk thing fun lol send sutn good get back,1,positive,0.38
1818,Shubham Semwal,06/05/2021 15:50:23,lol p woot x amp k angry annoyed bye,3,negative,-0.03
1819,Shubham Semwal,06/05/2021 15:50:23,without equot good thinking,2,Very positive,0.70
1827,Shubham Semwal,06/05/2021 15:50:23,insert witty phrase lost spunk tonight,1,positive,0.50
1828,Shubham Semwal,06/05/2021 15:50:23,aww babys walking around house saying mommy birthday aww shes big,1,positive,0.20
1829,Shubham Semwal,06/05/2021 15:50:23,anyone know air carrier comes ndjamena chad poxy barracks phone ringing impressed miss bro,2,Very positive,1.00
1842,Shubham Semwal,06/05/2021 15:50:23,breathes mood destroy things teeth apple,3,negative,-0.20
1843,Shubham Semwal,06/05/2021 15:50:23,burp excuse baked chicken teriyaki w spring salad cold melon medley dessert mmmm headache fading,3,negative,-0.42
1855,Shubham Semwal,06/05/2021 15:50:23,cry want sleep sslyby keeping conscious damn k k katchy tooooons hurt need cuddles da,1,positive,0.10
1859,Shubham Semwal,06/05/2021 15:50:23,dark night soul still totally awake,3,negative,-0.07
1861,Shubham Semwal,06/05/2021 15:50:23,dingding round hair hair lenghth impossible hair summer,3,negative,-0.43
1864,Shubham Semwal,06/05/2021 15:50:23,edin working good hehe,2,Very positive,0.70
1872,Shubham Semwal,06/05/2021 15:50:23,flirtomatic live feed going run way home waving arms air would www flirtomatic com,1,positive,0.14
1876,Shubham Semwal,06/05/2021 15:50:23,sighs work day commences ugh couldve stayed asleep real talk plastered theres never enuf time sleep,1,positive,0.20
1881,Shubham Semwal,06/05/2021 15:50:23,argh internet fails also connection manager mac also fails,3,negative,-0.50
1886,Shubham Semwal,06/05/2021 15:50:23,blushes thank awwwww hey heres friendly kiss cheek x,1,positive,0.38
1887,Shubham Semwal,06/05/2021 15:50:23,booo raaaawr ribbit grrrrrrr tweet tweet sssssssss meow animals head r arguing n cant sleep shhhhhhhh,0,neutral,0.00
1894,Shubham Semwal,06/05/2021 15:50:23,cough cough hack hack,0,neutral,0.00
1896,Shubham Semwal,06/05/2021 15:50:23,cough cough im dying nah im really got sore throat got go either town fort decide tbh,1,positive,0.20
1901,Shubham Semwal,06/05/2021 15:50:23,cries official al alfest,0,neutral,0.00
1903,Shubham Semwal,06/05/2021 15:50:23,dead formally known name change yall r crazy lol,0,neutral,0.00
1907,Shubham Semwal,06/05/2021 15:50:23,drumroll th update must find something interesting say cheesseeeeecake yummmyyyyy,1,positive,0.50
1911,Shubham Semwal,06/05/2021 15:50:23,examines cleaned kitchen spic span wonderful job ladies rest evening enjoy katis kot,2,Very positive,0.70
1917,Shubham Semwal,06/05/2021 15:50:23,gasp throat itchy better flu took jab,1,positive,0.50
1918,Shubham Semwal,06/05/2021 15:50:23,gasssp discovered eating poor flowers yucky slugs anybody know get rid,3,negative,-0.40
1929,Shubham Semwal,06/05/2021 15:50:23,hello say resection still broke,0,neutral,0.00
1931,Shubham Semwal,06/05/2021 15:50:23,hugs nelsinho bbc love quite good interview love comments fernando,2,Very positive,0.57
1940,Shubham Semwal,06/05/2021 15:50:23,giggles madly read hammer begins quiverquot straight face blame dr horrible,3,negative,-0.48
1952,Shubham Semwal,06/05/2021 15:50:23,hatess joeys new schedule,1,positive,0.14
1954,Shubham Semwal,06/05/2021 15:50:23,hearts jonas brothers thinking actually going manchester see yes got cd gooood,0,neutral,0.00
1959,Shubham Semwal,06/05/2021 15:50:23,stay year old decided start screaming,1,positive,0.10
1960,Shubham Semwal,06/05/2021 15:50:23,giddy voice oh gosh cute severe thunderstorm headed way boom,1,positive,0.50
1962,Shubham Semwal,06/05/2021 15:50:23,epic fail already meant believe hot shitquot stupid editing,3,negative,-0.24
1963,Shubham Semwal,06/05/2021 15:50:23,sad finally found decent pic long ago dont actually look like anymore,3,negative,-0.08
1971,Shubham Semwal,06/05/2021 15:50:23,gt sunburn aloe works also shock treatment take hot shower causes reflex shrinkage blood vessels,1,positive,0.25
1975,Shubham Semwal,06/05/2021 15:50:23,gt lapsang souchong remains favourite black tea,3,negative,-0.17
1977,Shubham Semwal,06/05/2021 15:50:23,gt gt gt ok im goin moms wan na see da baby,1,positive,0.15
1980,Shubham Semwal,06/05/2021 15:50:23,gt gt gt morning tweople hope u guys r well happend mac aluminum white,0,neutral,0.00
1985,Shubham Semwal,06/05/2021 15:50:23,gt know gt rely everything person important life entire world ok true,1,positive,0.31
1989,Shubham Semwal,06/05/2021 15:50:23,gt turn terrible throwing atrocious tantrums wait get house,4,Very negative,-0.85
1990,Shubham Semwal,06/05/2021 15:50:23,lt certified insured massage therapist get strictly professional,1,positive,0.10
1991,Shubham Semwal,06/05/2021 15:50:23,lt want go fishing today stupid allergies,4,Very negative,-0.80
1992,Shubham Semwal,06/05/2021 15:50:23,lt fallen love w doxie mix dog adoptions day hes currently sleepin curled lap way back kennels,1,positive,0.17
1994,Shubham Semwal,06/05/2021 15:50:23,lt looking forward tonight,0,neutral,0.00
1999,Shubham Semwal,06/05/2021 15:50:23,lt network guy least able get wireless work,1,positive,0.10
2001,Shubham Semwal,06/05/2021 15:50:23,lt wants drunk making music,3,negative,-0.15
2005,Shubham Semwal,06/05/2021 15:50:23,lt lt lt thinks change pic,0,neutral,0.00
2016,Shubham Semwal,06/05/2021 15:50:23,lt need two hands eat happy camper,2,Very positive,0.80
2022,Shubham Semwal,06/05/2021 15:50:23,lt historia mundi worth long drive dead tired sadly lost knife,3,negative,-0.17
2033,Shubham Semwal,06/05/2021 15:50:23,lt dresses lt percocet lt ativan lt milkshakes lt sunny weather dumb leg want straighten shit,3,negative,-0.29
2037,Shubham Semwal,06/05/2021 15:50:23,lt boy wishes would slept later went work wake least raining today mommys coming,3,negative,-0.15
2039,Shubham Semwal,06/05/2021 15:50:23,lt eating fresh homemade strawberry muffins year old successfully baked little mess,1,positive,0.16
2040,Shubham Semwal,06/05/2021 15:50:23,lt starving ways pero hay comida en mi casa find fast food yuck sounds gross,1,positive,0.10
2042,Shubham Semwal,06/05/2021 15:50:23,lt smallgt happy fathers day kinda sucks though pops europe,1,positive,0.25
2046,Shubham Semwal,06/05/2021 15:50:23,ajibat tension naahi latadidi says working arrahman absolutely tension involved ho didi ho kharach,1,positive,0.20
2051,Shubham Semwal,06/05/2021 15:50:23,well run away everything hate run away everything want take hand lets get famousquot,4,Very negative,-0.80
2054,Shubham Semwal,06/05/2021 15:50:23,laughing uncontrollably rock thanks tweets sings shrill voice party cry want,3,negative,-0.10
2056,Shubham Semwal,06/05/2021 15:50:23,light bulb pops head omg supernatural tonight yaaay,1,positive,0.28
2062,Shubham Semwal,06/05/2021 15:50:23,mischief look soon ima take muwahahahahahaahahaha thanks followers following spread love,1,positive,0.23
2070,Shubham Semwal,06/05/2021 15:50:23,ouch seriously think pulled muscle gluteous heinikus,3,negative,-0.33
2076,Shubham Semwal,06/05/2021 15:50:23,reallytired fun either way p,1,positive,0.30
2077,Shubham Semwal,06/05/2021 15:50:23,remembers contaminated well water find new housing big dark cloud blocked sunshine,3,negative,-0.00
2079,Shubham Semwal,06/05/2021 15:50:23,sad face ear still pouring blood,3,negative,-0.50
2082,Shubham Semwal,06/05/2021 15:50:23,screams omg mum amp dad got us tickets see alice cooper live melbourne grade seats love sooo much xoxo night,1,positive,0.28
2087,Shubham Semwal,06/05/2021 15:50:23,amp since paid bitches muggin know muggin backquot lt feelin bank roll sits hiney day,0,neutral,0.00
2089,Shubham Semwal,06/05/2021 15:50:23,wishes ellen degeneres would invite show lol,2,Very positive,0.80
2096,Shubham Semwal,06/05/2021 15:50:23,well might poor summers free quot,0,neutral,0.00
2104,Shubham Semwal,06/05/2021 15:50:23,good afternooon blipstars,2,Very positive,0.70
2116,Shubham Semwal,06/05/2021 15:50:23,shriek bee almost flew window afraid spiders zombies dreams run bee room,4,Very negative,-0.60
2125,Shubham Semwal,06/05/2021 15:50:23,sigh deep breath begin describe tired deal stupid show,3,negative,-0.40
2141,Shubham Semwal,06/05/2021 15:50:23,sigh best day ever adam,2,Very positive,1.00
2152,Shubham Semwal,06/05/2021 15:50:23,abigale gave everything boy changed mind taylor swift name abigale,0,neutral,0.00
2165,Shubham Semwal,06/05/2021 15:50:23,amanda seyfried sweet sophie holds playing daughter legendary actress meryl streep quot,2,Very positive,0.68
2167,Shubham Semwal,06/05/2021 15:50:23,protecting heart truly got lost sounds hear mind quot,0,neutral,0.00
2172,Shubham Semwal,06/05/2021 15:50:23,another day another dog jude actually ge interviews,0,neutral,0.00
2175,Shubham Semwal,06/05/2021 15:50:23,daft punk made collaboration friend tweet yes exist get use lucky,1,positive,0.33
2176,Shubham Semwal,06/05/2021 15:50:23,vulcan mind star trek actually good day,2,Very positive,0.70
2182,Shubham Semwal,06/05/2021 15:50:23,sigh left fav nail polish salon even worth going get prolly mixed,1,positive,0.10
2186,Shubham Semwal,06/05/2021 15:50:23,sigh love apple developers,1,positive,0.50
2187,Shubham Semwal,06/05/2021 15:50:23,sigh money new cds still got youtube,1,positive,0.14
2188,Shubham Semwal,06/05/2021 15:50:23,sigh blue berry cheesecake ohh well good thing still blue berry pancake,1,positive,0.23
2189,Shubham Semwal,06/05/2021 15:50:23,sigh nobody ever tweets,0,neutral,0.00
2195,Shubham Semwal,06/05/2021 15:50:23,sigh shame graham lim bap bed bug alive,1,positive,0.10
2204,Shubham Semwal,06/05/2021 15:50:23,sigh hot girls always get half time selfish bitches dont deserve,3,negative,-0.14
2206,Shubham Semwal,06/05/2021 15:50:23,sigh amp grace miss bookie,0,neutral,0.00
2216,Shubham Semwal,06/05/2021 15:50:23,binthiaquot serious hot really quiet looks mad tired kinda feel bad cuz drive sleeping hours,3,negative,-0.30
2224,Shubham Semwal,06/05/2021 15:50:23,born alivequot patrick hernandez see video,0,neutral,0.00
2227,Shubham Semwal,06/05/2021 15:50:23,brothers life echos eternity maximus im watching gladiatorquot right,1,positive,0.29
2230,Shubham Semwal,06/05/2021 15:50:23,bale dour prig wonder doesnt abort spite love nymag,1,positive,0.50
2234,Shubham Semwal,06/05/2021 15:50:23,need baby would even try save excited new album previews good,1,positive,0.40
2240,Shubham Semwal,06/05/2021 15:50:23,sighback work way really becoming tru twitterfessional say self shout sis n law,1,positive,0.45
2243,Shubham Semwal,06/05/2021 15:50:23,sighs hmmm confused cant think straight,3,negative,-0.10
2247,Shubham Semwal,06/05/2021 15:50:23,sighs oh wish somethings would happen know wont,0,neutral,0.00
2248,Shubham Semwal,06/05/2021 15:50:23,sighs oh woe betide want greekquot seems extras prettier bollocks,0,neutral,0.00
2255,Shubham Semwal,06/05/2021 15:50:23,sipping southern comfort gods love stuff,1,positive,0.25
2258,Shubham Semwal,06/05/2021 15:50:23,smiles hope play truth dare wif frnds phone plzz make happen,0,neutral,0.00
2262,Shubham Semwal,06/05/2021 15:50:23,sniff may hold sanding wood outside world less pollen based,3,negative,-0.08
2269,Shubham Semwal,06/05/2021 15:50:23,sniffs cancelled sundays gig troubadour,0,neutral,0.00
2271,Shubham Semwal,06/05/2021 15:50:23,irritated still thirsty,0,neutral,0.00
2275,Shubham Semwal,06/05/2021 15:50:23,le sigh need listen stevie boohoo,0,neutral,0.00
2281,Shubham Semwal,06/05/2021 15:50:23,misses l word weekly perve session kate moennig lol,2,Very positive,0.80
2283,Shubham Semwal,06/05/2021 15:50:23,mumblesinstead heading next chapte r go back change older ones,1,positive,0.06
2287,Shubham Semwal,06/05/2021 15:50:23,new twitter missing joey,3,negative,-0.03
2291,Shubham Semwal,06/05/2021 15:50:23,upgrading iphone os work apple approve latest version,1,positive,0.50
2294,Shubham Semwal,06/05/2021 15:50:23,petrilude exclusive package amazing youll love send soon love ya,2,Very positive,0.53
2296,Shubham Semwal,06/05/2021 15:50:23,punches air sigh relief way home x,0,neutral,0.00
2298,Shubham Semwal,06/05/2021 15:50:23,reminiscing hearing amp listening nkotb youtube go back days,0,neutral,0.00
2307,Shubham Semwal,06/05/2021 15:50:23,cleanliness next manliness spongebob,0,neutral,0.00
2312,Shubham Semwal,06/05/2021 15:50:23,come want live somehow think allowed watch second one tonight,1,positive,0.07
2313,Shubham Semwal,06/05/2021 15:50:23,corpsegrinderquot like undead pet,0,neutral,0.00
2314,Shubham Semwal,06/05/2021 15:50:23,crank high voltagequot filmgewordenes first person shooter game gta brutal humorvoll cooler soundtrack bichen viel ekel drin,3,negative,-0.22
2319,Shubham Semwal,06/05/2021 15:50:23,danna pea ive two years without threesome aint complete either oh life im c btw,1,positive,0.10
2323,Shubham Semwal,06/05/2021 15:50:23,say pregnancy presidency quot,0,neutral,0.00
2324,Shubham Semwal,06/05/2021 15:50:23,dog say hi haha cant wait see looks cute,1,positive,0.35
2326,Shubham Semwal,06/05/2021 15:50:23,pity dead pity living live without love quot,1,positive,0.05
2333,Shubham Semwal,06/05/2021 15:50:23,saddness jon kate announced divorce show tonight,0,neutral,0.00
2335,Shubham Semwal,06/05/2021 15:50:23,scared damn game constantly look behind game see zombiemonster creepying behind sniff,3,negative,-0.32
2341,Shubham Semwal,06/05/2021 15:50:23,sigh blushingquot,0,neutral,0.00
2347,Shubham Semwal,06/05/2021 15:50:23,sigh beccas leaving early tomorrow morning,1,positive,0.10
2348,Shubham Semwal,06/05/2021 15:50:23,sigh dan young remember,1,positive,0.10
2358,Shubham Semwal,06/05/2021 15:50:23,sigh hit harrrrd morning store followed parking lot need huge stick wart forehead,1,positive,0.40
2365,Shubham Semwal,06/05/2021 15:50:23,dont listen cuz know need two wholes lt beautiful girl told,2,Very positive,0.85
2376,Shubham Semwal,06/05/2021 15:50:23,early nightsquot dropped dictionary,1,positive,0.10
2377,Shubham Semwal,06/05/2021 15:50:23,elvisquot show last night,0,neutral,0.00
2383,Shubham Semwal,06/05/2021 15:50:23,every artist first amateur rwe true follow dreams put time work,1,positive,0.12
2384,Shubham Semwal,06/05/2021 15:50:23,every ride comes endquot best dutch death metal band ever gorefest split,2,Very positive,1.00
2386,Shubham Semwal,06/05/2021 15:50:23,everything worth living eyesquot,1,positive,0.30
2396,Shubham Semwal,06/05/2021 15:50:23,sigh wish could listen bobby bones show right ill settle podcast later,3,negative,-0.07
2422,Shubham Semwal,06/05/2021 15:50:23,sigh steph leaving wow sick us space goats got stick together get better come back youll missed,3,negative,-0.03
2432,Shubham Semwal,06/05/2021 15:50:23,fly mequot cant wait music video premiere disney channel sunday pm,2,Very positive,0.80
2440,Shubham Semwal,06/05/2021 15:50:23,foxquot hates made etsy take listing reconstructed simpsons tee guess see skirt uh oh,0,neutral,0.00
2442,Shubham Semwal,06/05/2021 15:50:23,getting things donequot mean people person job unless government employee,3,negative,-0.31
2444,Shubham Semwal,06/05/2021 15:50:23,girls asses like mine talk boys faces like yoursquot monique shes man,0,neutral,0.00
2445,Shubham Semwal,06/05/2021 15:50:23,give one time amp come back like addictsquot lmaoooo favorite verse,1,positive,0.25
2447,Shubham Semwal,06/05/2021 15:50:23,glowingquot summer humidity desperately trying think something make sister happy birthday tomorrow,1,positive,0.10
2451,Shubham Semwal,06/05/2021 15:50:23,good things come boys waitquot yo llevo esperando una vieja,2,Very positive,0.70
2452,Shubham Semwal,06/05/2021 15:50:23,sigh stuck bed hate allergic mosquitos,4,Very negative,-0.80
2454,Shubham Semwal,06/05/2021 15:50:23,sigh day like best maybe let us say one days best sigh,2,Very positive,1.00
2461,Shubham Semwal,06/05/2021 15:50:23,sigh fucking funny litte bitch olivia coz know,1,positive,0.25
2465,Shubham Semwal,06/05/2021 15:50:23,sighs yells interwebs im stupid library trying let everyone know ill back,3,negative,-0.43
2467,Shubham Semwal,06/05/2021 15:50:23,sighs brandy followin,0,neutral,0.00
2470,Shubham Semwal,06/05/2021 15:50:23,sighs since freaking reason laid bed hours still could get back sleep ooohhh sooo tired,3,negative,-0.20
2471,Shubham Semwal,06/05/2021 15:50:23,sighs hope hubby feels better soon even legos lifted spirits,1,positive,0.50
2472,Shubham Semwal,06/05/2021 15:50:23,sighs want talk someone doubt moment,0,neutral,0.00
2473,Shubham Semwal,06/05/2021 15:50:23,sighs going end finishing book today nd rd books come yet,0,neutral,0.00
2474,Shubham Semwal,06/05/2021 15:50:23,sighs hot humid wish pool jump cool,1,positive,0.30
2481,Shubham Semwal,06/05/2021 15:50:23,sings shall overcome giggles fine thanks everyone,1,positive,0.31
2490,Shubham Semwal,06/05/2021 15:50:23,spazzes also desperately wana see hair live nyc haha david hyde pierce surrounded hippies approve,3,negative,-0.09
2493,Shubham Semwal,06/05/2021 15:50:23,spreads kisses good night everybody,2,Very positive,0.70
2494,Shubham Semwal,06/05/2021 15:50:23,stifles yawn going bed sooo tired happy assignments outta way night twits,1,positive,0.20
2511,Shubham Semwal,06/05/2021 15:50:23,watches adorable deleted scene planetquot,1,positive,0.50
2512,Shubham Semwal,06/05/2021 15:50:23,waves new followers good morning others,1,positive,0.42
2513,Shubham Semwal,06/05/2021 15:50:23,whine whinge moan want work today chaos sort anyone want meet drinks beach,0,neutral,0.00
2514,Shubham Semwal,06/05/2021 15:50:23,whispers fly room might attack dont want attacked fly,2,Very positive,0.80
2523,Shubham Semwal,06/05/2021 15:50:23,goood mornin mommyquot good mornin babies mommy day today yay lets call grandma cats love,2,Very positive,0.60
2525,Shubham Semwal,06/05/2021 15:50:23,greekquot season finale understated emotional cliffhanger august,0,neutral,0.00
2531,Shubham Semwal,06/05/2021 15:50:24,happiness isnt something something share quot,2,Very positive,0.70
2535,Shubham Semwal,06/05/2021 15:50:24,needs realize awesome skank need anyones bs give haha thanks,1,positive,0.47
2537,Shubham Semwal,06/05/2021 15:50:24,interesting brilliant mysterious perfect beautiful possibly able lift full sized vans one handquot,2,Very positive,0.59
2543,Shubham Semwal,06/05/2021 15:50:24,hey im hawaii good yes im bitter throughout course months ive known people gone amp,1,positive,0.30
2544,Shubham Semwal,06/05/2021 15:50:24,hey mair look planta mantis rach really praying mantis lol kind like planta mantisquot better tho,2,Very positive,0.53
2546,Shubham Semwal,06/05/2021 15:50:24,hey got present love website,1,positive,0.25
2549,Shubham Semwal,06/05/2021 15:50:24,hi im jonathan spotify month u cn unlimited music w interuptionsquot love r little chats j dont leave,1,positive,0.16
2561,Shubham Semwal,06/05/2021 15:50:24,texts definitely hate im making wait,4,Very negative,-0.80
2563,Shubham Semwal,06/05/2021 15:50:24,texts pizza waiting get home might cold though take long gon na order,3,negative,-0.33
2564,Shubham Semwal,06/05/2021 15:50:24,texts bored mindless work teams,3,negative,-0.35
2566,Shubham Semwal,06/05/2021 15:50:24,kooks appearance cancelled due illness peace love festival fuck fuck fuck really wanted c em sucks hard damn,3,negative,-0.15
2569,Shubham Semwal,06/05/2021 15:50:24,thoughts inside head gosh trying hard asshole,3,negative,-0.29
2577,Shubham Semwal,06/05/2021 15:50:24,uses cura gives coffee uses detachment gives ether self yeah dorky deal,0,neutral,0.00
2588,Shubham Semwal,06/05/2021 15:50:24,hoping end pocket leaves like penny rainquot maybe coz hes married reproducing like rabbit,1,positive,0.25
2589,Shubham Semwal,06/05/2021 15:50:24,beautiful unfailing love never change god remain holy one unfailing lovequot,2,Very positive,0.68
2594,Shubham Semwal,06/05/2021 15:50:24,act like rapper wheres private jet damn fail rapper sux,3,negative,-0.25
2606,Shubham Semwal,06/05/2021 15:50:24,regret admit oh god academy forever,0,neutral,0.00
2608,Shubham Semwal,06/05/2021 15:50:24,dont know whats next promise wont boringquot,0,neutral,0.00
2611,Shubham Semwal,06/05/2021 15:50:24,waves echelon friends,0,neutral,0.00
2614,Shubham Semwal,06/05/2021 15:50:24,whimpers evee getting fixed micro chipped today babyyy cries,1,positive,0.10
2615,Shubham Semwal,06/05/2021 15:50:24,whimpers losing followers boring fault alone denali,4,Very negative,-1.00
2617,Shubham Semwal,06/05/2021 15:50:24,yaaaaaaaaawn mornin everyone,0,neutral,0.00
2619,Shubham Semwal,06/05/2021 15:50:24,yawn morning new specs ordered get weeks met pagans last night lovely people interesting,1,positive,0.28
2621,Shubham Semwal,06/05/2021 15:50:24,yawn finally home sam tries eat ear going bed cheerio,3,negative,-0.05
2633,Shubham Semwal,06/05/2021 15:50:24,yawn slept morning hubbys rd shift cant sleep waiting coffee flippin tired,3,negative,-0.40
2641,Shubham Semwal,06/05/2021 15:50:24,yawns good night sleep still way early long weekend coming yay happy friday,1,positive,0.39
2647,Shubham Semwal,06/05/2021 15:50:24,fall easyquot day,0,neutral,0.00
2667,Shubham Semwal,06/05/2021 15:50:24,love slaves david raccah linkedin rotfl,1,positive,0.50
2675,Shubham Semwal,06/05/2021 15:50:24,pray something picks sets warm armsquot lt snow patrol,2,Very positive,0.60
2679,Shubham Semwal,06/05/2021 15:50:24,yawn im going bed still able talk boyfriend,1,positive,0.50
2682,Shubham Semwal,06/05/2021 15:50:24,yawn rain run point waking,0,neutral,0.00
2683,Shubham Semwal,06/05/2021 15:50:24,yawn time get ready school,1,positive,0.20
2689,Shubham Semwal,06/05/2021 15:50:24,yawns morning crappy rainy day outside,0,neutral,0.00
2696,Shubham Semwal,06/05/2021 15:50:24,kroner coins sitting around ask small notes feel pimpish,3,negative,-0.25
2702,Shubham Semwal,06/05/2021 15:50:24,made coffee im blessed,0,neutral,0.00
2704,Shubham Semwal,06/05/2021 15:50:24,refactoring book arrived thats weekend weightlifting sorted,0,neutral,0.00
2705,Shubham Semwal,06/05/2021 15:50:24,every fiber absolutely abhors mondays,1,positive,0.20
2716,Shubham Semwal,06/05/2021 15:50:24,yawwwwwn needs start reading,0,neutral,0.00
2720,Shubham Semwal,06/05/2021 15:50:24,yucks big cockroach b wisma toastbox,0,neutral,0.00
2721,Shubham Semwal,06/05/2021 15:50:24,good afternoon twitterers,2,Very positive,0.70
2723,Shubham Semwal,06/05/2021 15:50:24,getting hungry food good thing end transmission,2,Very positive,0.70
2726,Shubham Semwal,06/05/2021 15:50:24,checked dels new blogsite yahoo im excited bring go del,1,positive,0.26
2729,Shubham Semwal,06/05/2021 15:50:24,mother happy mothers day moms god bless yhaw,2,Very positive,0.80
2744,Shubham Semwal,06/05/2021 15:50:24,much fun thursday thanks tom rest,1,positive,0.25
2748,Shubham Semwal,06/05/2021 15:50:24,coz want live life rich famous lss,1,positive,0.34
2752,Shubham Semwal,06/05/2021 15:50:24,getting excited hear new album,1,positive,0.26
2756,Shubham Semwal,06/05/2021 15:50:24,interviewproject online actually manage get vid started neither ff chrome,0,neutral,0.00
2765,Shubham Semwal,06/05/2021 15:50:24,thank figured could use chocolate biscotti shredding,0,neutral,0.00
2769,Shubham Semwal,06/05/2021 15:50:24,dammit reminded done mine couple days thats studio managers xmas card list,0,neutral,0.00
2772,Shubham Semwal,06/05/2021 15:50:24,thanks wanted make sure got would like dm u info follow dm work,1,positive,0.35
2779,Shubham Semwal,06/05/2021 15:50:24,yum couscous amp tzatziki earlier play noa amp mira eurovision peace feast,0,neutral,0.00
2784,Shubham Semwal,06/05/2021 15:50:24,disagree completely though oxygen publicity etc yes thinking suffocate figuratively,1,positive,0.10
2787,Shubham Semwal,06/05/2021 15:50:24,haha lara pain goodquot haha lol,1,positive,0.40
2788,Shubham Semwal,06/05/2021 15:50:24,hmf change default haha,1,positive,0.20
2792,Shubham Semwal,06/05/2021 15:50:24,everyones really tired watching depersate housewives needs hug,3,negative,-0.40
2793,Shubham Semwal,06/05/2021 15:50:24,gt broke bike aah worst thing happen vacation,4,Very negative,-1.00
2800,Shubham Semwal,06/05/2021 15:50:24,say super yes man ned pushing daisies super man,1,positive,0.33
2802,Shubham Semwal,06/05/2021 15:50:24,think therefore dangerous new twist old maxim find like better would say latin though,1,positive,0.03
2808,Shubham Semwal,06/05/2021 15:50:24,porch love youquot,1,positive,0.50
2813,Shubham Semwal,06/05/2021 15:50:24,today last day tomorrow late could say goodbye yesterday nah still,3,negative,-0.15
2820,Shubham Semwal,06/05/2021 15:50:24,want play games need playstationquot says playstation ceo jack tretton guess cant play games anymore,0,neutral,0.00
2829,Shubham Semwal,06/05/2021 15:50:24,hearing makes upset coz would love go,1,positive,0.50
2831,Shubham Semwal,06/05/2021 15:50:24,finished shootong video end us hunger uoloading mac right,1,positive,0.29
2832,Shubham Semwal,06/05/2021 15:50:24,going run cya guys later,0,neutral,0.00
2846,Shubham Semwal,06/05/2021 15:50:24,oh saw twilight new moon trailer like oh girdlequot like times ah im psyched movie,1,positive,0.14
2847,Shubham Semwal,06/05/2021 15:50:24,ok maybe would notice im making deliberately easy,1,positive,0.47
2850,Shubham Semwal,06/05/2021 15:50:24,tired wish could stay longer,3,negative,-0.40
2860,Shubham Semwal,06/05/2021 15:50:24,fave balloonatic special thanks wonderful fire massage,2,Very positive,0.52
2861,Shubham Semwal,06/05/2021 15:50:24,get cute little bum online please miss rawr,1,positive,0.16
2863,Shubham Semwal,06/05/2021 15:50:24,free day work rainy yay,1,positive,0.40
2866,Shubham Semwal,06/05/2021 15:50:24,ahhh peace quiet youngest party eldest room pretending homework,0,neutral,0.00
2867,Shubham Semwal,06/05/2021 15:50:24,left behind st andrews xxx,3,negative,-0.20
2874,Shubham Semwal,06/05/2021 15:50:24,back within hearing distance windows closed headphones,3,negative,-0.05
2883,Shubham Semwal,06/05/2021 15:50:24,im celebrity get herequot dumb hahaha spideyquot full thankgosh left im rooting sanjaya,1,positive,0.04
2887,Shubham Semwal,06/05/2021 15:50:24,im going kick u uterus u go home right hahaha funny night,1,positive,0.25
2889,Shubham Semwal,06/05/2021 15:50:24,im going call frog reep hahahaha got love gibbs,1,positive,0.35
2895,Shubham Semwal,06/05/2021 15:50:24,im never going know im going love anyhowquot gahh miss music best friend,2,Very positive,0.75
2900,Shubham Semwal,06/05/2021 15:50:24,im sick infected food ate fatty stomach burst,3,negative,-0.46
2902,Shubham Semwal,06/05/2021 15:50:24,im sorry kevin woke bed karinne let sleep,3,negative,-0.50
2905,Shubham Semwal,06/05/2021 15:50:24,im waiting blood flow fingers ill alright hands get warm ignoring phone id rather say nothing quot,1,positive,0.05
2906,Shubham Semwal,06/05/2021 15:50:24,weeks going first time going jakarta n said mean sister well mean,3,negative,-0.12
2908,Shubham Semwal,06/05/2021 15:50:24,internet explorer display twitter home pagequot net browsers thats strikes ie,0,neutral,0.00
2918,Shubham Semwal,06/05/2021 15:50:24,grandmother give birth love guide truth beauty path nothing hide x,1,positive,0.50
2919,Shubham Semwal,06/05/2021 15:50:24,happiness pulling tim hortons line,2,Very positive,0.70
2920,Shubham Semwal,06/05/2021 15:50:24,hard drive unrecoverable crash shopping another,3,negative,-0.29
2928,Shubham Semwal,06/05/2021 15:50:24,say poster wall lol mom bought lol thought needed boy sadly right,2,Very positive,0.63
2929,Shubham Semwal,06/05/2021 15:50:24,think song time argh quite tell damn talent musical instinct talent knowledge,0,neutral,0.00
2930,Shubham Semwal,06/05/2021 15:50:24,want die want take life forever shes trying get duet,0,neutral,0.00
2942,Shubham Semwal,06/05/2021 15:50:24,great great greater human rogers nice important important nicequot,1,positive,0.50
2947,Shubham Semwal,06/05/2021 15:50:24,amazing hide putting smile quot,1,positive,0.45
2950,Shubham Semwal,06/05/2021 15:50:24,beautiful want anyone choose youquot sorry lyrics twitter im unoriginal today,1,positive,0.05
2954,Shubham Semwal,06/05/2021 15:50:24,youquot gorgeous song like need sorry sorry repackaged know afford,3,negative,-0.10
2957,Shubham Semwal,06/05/2021 15:50:24,jetzt ist die zeit zu explodierenquot good lyrics ollie wants watch edukators cant find,1,positive,0.45
2963,Shubham Semwal,06/05/2021 15:50:24,precisely taking strength stay hell outta kitchen right lol think go bed safer,1,positive,0.50
2966,Shubham Semwal,06/05/2021 15:50:24,also last thing life want see orca pods swimming puget sound,1,positive,0.20
2971,Shubham Semwal,06/05/2021 15:50:24,im sore tired need cup tea lie x,3,negative,-0.40
2974,Shubham Semwal,06/05/2021 15:50:24,goodnight everyone xo,0,neutral,0.00
2975,Shubham Semwal,06/05/2021 15:50:24,home temecula ergh wanted go party want get drunk hahaha lol,1,positive,0.17
2979,Shubham Semwal,06/05/2021 15:50:24,thanks getting tweetup way ancident pacific park south la paz,1,positive,0.20
2993,Shubham Semwal,06/05/2021 15:50:24,im liftime fitness laying enjoying sun,1,positive,0.50
2997,Shubham Semwal,06/05/2021 15:50:24,steve miller die today would upset universe,0,neutral,0.00
3004,Shubham Semwal,06/05/2021 15:50:24,minutes away release cant wait go home,0,neutral,0.00
3012,Shubham Semwal,06/05/2021 15:50:24,coffee brewing getting ready go take morning walk around,1,positive,0.20
3017,Shubham Semwal,06/05/2021 15:50:24,ok im going end ahead,1,positive,0.50
3034,Shubham Semwal,06/05/2021 15:50:24,lets go dont wait heart blink spewing another weekend us gone love music,1,positive,0.50
3037,Shubham Semwal,06/05/2021 15:50:24,life enjoyable knocking goes crush lust oh respect hahaa still love though,1,positive,0.50
3042,Shubham Semwal,06/05/2021 15:50:24,little know romeo cant sleep listening taylor swift amp said romeo take somewhere alonequot,3,negative,-0.19
3045,Shubham Semwal,06/05/2021 15:50:24,longshotquot kelly clarkson clarkson overdose today,0,neutral,0.00
3056,Shubham Semwal,06/05/2021 15:50:24,mamma miaquot tuesday wednesday,0,neutral,0.00
3066,Shubham Semwal,06/05/2021 15:50:24,dude sister thing erik harrison guess runs family quot,0,neutral,0.00
3076,Shubham Semwal,06/05/2021 15:50:24,head feels like frenchman living itquot ow ow ow,0,neutral,0.00
3080,Shubham Semwal,06/05/2021 15:50:24,spoon big lol eat delicious go breakfast day camper bus lol,2,Very positive,0.65
3083,Shubham Semwal,06/05/2021 15:50:24,never going bring love song love mitchel awesome,2,Very positive,0.67
3084,Shubham Semwal,06/05/2021 15:50:24,never leave till life done baby love come come arms quot,1,positive,0.50
3089,Shubham Semwal,06/05/2021 15:50:24,broadband currently going kbps real speed ridiculous possible computer connected hopeless,3,negative,-0.03
3090,Shubham Semwal,06/05/2021 15:50:24,rain please dont rain parade,3,negative,-0.25
3094,Shubham Semwal,06/05/2021 15:50:24,forgot burnt went get oven amp burnt fingers tonight sucks far,3,negative,-0.10
3097,Shubham Semwal,06/05/2021 15:50:24,watch friday coming twitter clients near,1,positive,0.10
3098,Shubham Semwal,06/05/2021 15:50:24,watching girlfriend experiencequot movie background featuring guess girl potential besides porn business,0,neutral,0.00
3100,Shubham Semwal,06/05/2021 15:50:24,yu actually feel need impressed,1,positive,0.50
3102,Shubham Semwal,06/05/2021 15:50:24,degrassi doesnt come midnight week comes morning ugh ill nothing watch,3,negative,-0.50
3103,Shubham Semwal,06/05/2021 15:50:24,wish could take journey mind amp find emotions always try hide goodnight,0,neutral,0.00
3107,Shubham Semwal,06/05/2021 15:50:24,couple new episodes coming tomorrow,1,positive,0.14
3118,Shubham Semwal,06/05/2021 15:50:24,least alternate weeks,3,negative,-0.15
3127,Shubham Semwal,06/05/2021 15:50:24,finishing prep two lessons teaching church today,0,neutral,0.00
3134,Shubham Semwal,06/05/2021 15:50:24,guess lost vmoda trip hope show time soon,0,neutral,0.00
3138,Shubham Semwal,06/05/2021 15:50:24,hopefully weekend relaxing beautiful sunrise morning yep saw sunrise,2,Very positive,0.85
3139,Shubham Semwal,06/05/2021 15:50:24,hoping amp burslems queens head regulars got tickets radio gold surely end radio could go either way,1,positive,0.50
3152,Shubham Semwal,06/05/2021 15:50:24,extra cheese pimp hahaha sometimes really enjoy work,1,positive,0.20
3162,Shubham Semwal,06/05/2021 15:50:24,omg love love dont even know brianmcfadden bahahahahahaha funniest thing ever memories,1,positive,0.50
3165,Shubham Semwal,06/05/2021 15:50:24,eliminate impossible whatever remains however improbable must truth ilt startrek,4,Very negative,-0.67
3171,Shubham Semwal,06/05/2021 15:50:24,spring cleaning know little late better late never,3,negative,-0.07
3176,Shubham Semwal,06/05/2021 15:50:24,shoes wanted size even online size,0,neutral,0.00
3178,Shubham Semwal,06/05/2021 15:50:24,tickle make smile ahhhh weather makes sad,3,negative,-0.10
3187,Shubham Semwal,06/05/2021 15:50:24,worked first time year ate healthy breakfast craving bacon cheeseburger fries nap,1,positive,0.38
3193,Shubham Semwal,06/05/2021 15:50:24,even though sounds like alex lt whatevs,0,neutral,0.00
3200,Shubham Semwal,06/05/2021 15:50:24,remember periodicity many equations fuck,1,positive,0.05
3212,Shubham Semwal,06/05/2021 15:50:24,im scene think im falling asleep means ill always dreaming,3,negative,-0.50
3237,Shubham Semwal,06/05/2021 15:50:24,parents host lose oh shit planned winning life buy hosting underage drinking parties guess,1,positive,0.15
3241,Shubham Semwal,06/05/2021 15:50:24,peter pan wendy turned fine u fly mequot favorite line fly jb,2,Very positive,0.63
3249,Shubham Semwal,06/05/2021 15:50:24,put shut waisting time time low know love part song,1,positive,0.25
3250,Shubham Semwal,06/05/2021 15:50:24,q want wake like thatquot omg looks like going sleeping good note tonight,2,Very positive,0.70
3255,Shubham Semwal,06/05/2021 15:50:24,reply allquot dangerous feature email,4,Very negative,-0.60
3260,Shubham Semwal,06/05/2021 15:50:24,right time head back jungle get strimming,1,positive,0.14
3261,Shubham Semwal,06/05/2021 15:50:24,room roll july isle wight day wiv big bro nd sista law,0,neutral,0.00
3267,Shubham Semwal,06/05/2021 15:50:24,still ill im going go school thursday,3,negative,-0.50
3271,Shubham Semwal,06/05/2021 15:50:24,bad part getting online weeks teen choice awards,3,negative,-0.35
3272,Shubham Semwal,06/05/2021 15:50:24,new opening season desperate housewives displeases,3,negative,-0.23
3281,Shubham Semwal,06/05/2021 15:50:24,trying understand adult relationships complicated,3,negative,-0.20
3282,Shubham Semwal,06/05/2021 15:50:24,want breakfast forgot charge phone fml,0,neutral,0.00
3283,Shubham Semwal,06/05/2021 15:50:24,wanting watch twilight going hairdressers soon sigh get back animal attackquot swoon,0,neutral,0.00
3284,Shubham Semwal,06/05/2021 15:50:24,supposed good day see peter upsetting,2,Very positive,0.70
3286,Shubham Semwal,06/05/2021 15:50:24,leads question speakers room shield conference participants interesting discussions,1,positive,0.50
3291,Shubham Semwal,06/05/2021 15:50:24,see sell highest bidderquot haha probably funniest thing heard night,1,positive,0.20
3293,Shubham Semwal,06/05/2021 15:50:24,severe weather outbreak midwest says weather channel,0,neutral,0.00
3302,Shubham Semwal,06/05/2021 15:50:24,write history books mark place time every chance took time low,0,neutral,0.00
3303,Shubham Semwal,06/05/2021 15:50:24,show round fruitcage cos honey bee open fruitcage fruit bud sweet bequot,1,positive,0.05
3307,Shubham Semwal,06/05/2021 15:50:24,sit yo make changequot nino brown voice new jack city lmao,1,positive,0.37
3310,Shubham Semwal,06/05/2021 15:50:24,sniffquot watched last ep transformers animated good finale still wish would filled sari back story oh well rip,1,positive,0.28
3315,Shubham Semwal,06/05/2021 15:50:24,keep waitin waitin waitin world changequot john mayer,0,neutral,0.00
3322,Shubham Semwal,06/05/2021 15:50:24,meet maybe go lol love starbucks could kill one right ha xx,2,Very positive,0.53
3336,Shubham Semwal,06/05/2021 15:50:24,days til maui driving back lake today sweet home alabama,1,positive,0.17
3338,Shubham Semwal,06/05/2021 15:50:24,twitter wish could say something happy,2,Very positive,0.80
3340,Shubham Semwal,06/05/2021 15:50:24,log works server shit loads im leave next week day started well grrr,3,negative,-0.30
3344,Shubham Semwal,06/05/2021 15:50:24,im secretly trying save cats next door fed abuse go,3,negative,-0.20
3345,Shubham Semwal,06/05/2021 15:50:24,yes wave car yes wave back teehee,0,neutral,0.00
3350,Shubham Semwal,06/05/2021 15:50:24,mi bf phone makes sad,3,negative,-0.50
3366,Shubham Semwal,06/05/2021 15:50:24,idea like idea lt like less zero idea yeah sorry zach didnt mean freak bad,3,negative,-0.42
3373,Shubham Semwal,06/05/2021 15:50:24,wow need aspirin recover pepsi please wow neutral,1,positive,0.10
3381,Shubham Semwal,06/05/2021 15:50:24,sometime hot eye heaven shines seattle area may true today love,1,positive,0.37
3390,Shubham Semwal,06/05/2021 15:50:25,spoiled little la girl la girl picking car shop today,3,negative,-0.19
3391,Shubham Semwal,06/05/2021 15:50:25,spy humor like thatquot,0,neutral,0.00
3393,Shubham Semwal,06/05/2021 15:50:25,stackvision tvquot finally finished cookin knew would take hours,0,neutral,0.00
3394,Shubham Semwal,06/05/2021 15:50:25,standing rain knowing really gahh stormquot really gets,1,positive,0.20
3411,Shubham Semwal,06/05/2021 15:50:25,telegraph telephone tell friend im livin terrible pain back need rest hope get sick,4,Very negative,-0.57
3422,Shubham Semwal,06/05/2021 15:50:25,gmail gadget support always use grr doofes igoogle aber kein http nutzen,4,Very negative,-0.70
3427,Shubham Semwal,06/05/2021 15:50:25,jai hoquot pussycat dolls like,0,neutral,0.00
3428,Shubham Semwal,06/05/2021 15:50:25,last survivor sinking titanic dies age quot,0,neutral,0.00
3433,Shubham Semwal,06/05/2021 15:50:25,mobile number called answer please try laterquot keep calling,0,neutral,0.00
3443,Shubham Semwal,06/05/2021 15:50:25,hate tht wake several times night heavyhead random worried days,3,negative,-0.43
3447,Shubham Semwal,06/05/2021 15:50:25,work saturday morning great,2,Very positive,0.80
3448,Shubham Semwal,06/05/2021 15:50:25,fight w husband made im wondering better place earth disneyland nope think peace,1,positive,0.50
3458,Shubham Semwal,06/05/2021 15:50:25,squrited dad face water dont think happy lol xxx,2,Very positive,0.80
3462,Shubham Semwal,06/05/2021 15:50:25,oh yeah forget pay attention lovely ads better,1,positive,0.50
3464,Shubham Semwal,06/05/2021 15:50:25,seven principles conduct newspaperquot march went wrong,3,negative,-0.50
3486,Shubham Semwal,06/05/2021 15:50:25,found sonny baby found mitchquot tearx,0,neutral,0.00
3487,Shubham Semwal,06/05/2021 15:50:25,took socks without taking shoes gift joe,0,neutral,0.00
3490,Shubham Semwal,06/05/2021 15:50:25,rip david carradine believe took find miss xxx,0,neutral,0.00
3493,Shubham Semwal,06/05/2021 15:50:25,screw love rain let keep raining make baseball games august,1,positive,0.50
3511,Shubham Semwal,06/05/2021 15:50:25,get rid folder wthe raw vids make room back ups netbk dig vids wall others,3,negative,-0.12
3512,Shubham Semwal,06/05/2021 15:50:25,hurt knee first inning,1,positive,0.25
3513,Shubham Semwal,06/05/2021 15:50:25,im back haai like shark day crazy like muchos crazy,3,negative,-0.40
3516,Shubham Semwal,06/05/2021 15:50:25,game easyquot esly royal flushre,3,negative,-0.40
3524,Shubham Semwal,06/05/2021 15:50:25,storms night baby stood sidequot gnight twitterverse gym final morning,0,neutral,0.00
3536,Shubham Semwal,06/05/2021 15:50:25,twitdoc drag drop file sharing twitterquot video amp picts,3,negative,-0.10
3537,Shubham Semwal,06/05/2021 15:50:25,twitter status bad gateway twitter downquot,4,Very negative,-0.70
3541,Shubham Semwal,06/05/2021 15:50:25,ultrasnw released sometime soonquot team,0,neutral,0.00
3543,Shubham Semwal,06/05/2021 15:50:25,lost cell phone process,0,neutral,0.00
3559,Shubham Semwal,06/05/2021 15:50:25,yes cry end episode added important character actor passed away end,1,positive,0.40
3563,Shubham Semwal,06/05/2021 15:50:25,arrve today unreachable goodthing dint give downpayment sucks extremely excited shoes,1,positive,0.04
3569,Shubham Semwal,06/05/2021 15:50:25,belly full carnitas torta drinking negra modelo playing catch forgotten anyone promise,1,positive,0.35
3573,Shubham Semwal,06/05/2021 15:50:25,upquot quite possibly thee random movie ever still made happy girl,1,positive,0.10
3574,Shubham Semwal,06/05/2021 15:50:25,upquot awesomecute movie,0,neutral,0.00
3579,Shubham Semwal,06/05/2021 15:50:25,vgl topquot closes tonight,0,neutral,0.00
3585,Shubham Semwal,06/05/2021 15:50:25,love natalie wan na fuck snl best,1,positive,0.22
3587,Shubham Semwal,06/05/2021 15:50:25,mins maintenance ohhh,0,neutral,0.00
3591,Shubham Semwal,06/05/2021 15:50:25,well something quietlyquot,0,neutral,0.00
3598,Shubham Semwal,06/05/2021 15:50:25,fave animal pls dont say dogquot zebraquot,0,neutral,0.00
3602,Shubham Semwal,06/05/2021 15:50:25,making call backs website thanks twitterers inquired advertise,1,positive,0.20
3604,Shubham Semwal,06/05/2021 15:50:25,bus stop looking shy like,3,negative,-0.50
3616,Shubham Semwal,06/05/2021 15:50:25,weekend nearlyy shame great,2,Very positive,0.80
3618,Shubham Semwal,06/05/2021 15:50:25,take union station bc leaving,0,neutral,0.00
3619,Shubham Semwal,06/05/2021 15:50:25,course hungry already,0,neutral,0.00
3640,Shubham Semwal,06/05/2021 15:50:25,lied tooo long able go gym work,1,positive,0.23
3641,Shubham Semwal,06/05/2021 15:50:25,made mentions zombiequot nice seriously checkout,1,positive,0.13
3642,Shubham Semwal,06/05/2021 15:50:25,one think someone else claims credit hard work cal rotten,3,negative,-0.29
3643,Shubham Semwal,06/05/2021 15:50:25,cause really high fluffy inside,3,negative,-0.02
3644,Shubham Semwal,06/05/2021 15:50:25,charging services render entities,0,neutral,0.00
3645,Shubham Semwal,06/05/2021 15:50:25,college start tomorrow,0,neutral,0.00
3648,Shubham Semwal,06/05/2021 15:50:25,cuz hold every time hit,0,neutral,0.00
3654,Shubham Semwal,06/05/2021 15:50:25,crazy stuff trampoline every morning whilst weathers fine maintain flexibility tis good,1,positive,0.17
3663,Shubham Semwal,06/05/2021 15:50:25,exams week wait thursday way october drinks duck shopping good night,2,Very positive,0.70
3668,Shubham Semwal,06/05/2021 15:50:25,first time away gorgeous girl hating,1,positive,0.47
3670,Shubham Semwal,06/05/2021 15:50:25,flop j turn river j k brutal th paying,4,Very negative,-0.88
3675,Shubham Semwal,06/05/2021 15:50:25,given back two days later,0,neutral,0.00
3678,Shubham Semwal,06/05/2021 15:50:25,going home soon long day,3,negative,-0.05
3693,Shubham Semwal,06/05/2021 15:50:25,hot dry first coast monday grab sunscreen sunglasses youll need,1,positive,0.14
3702,Shubham Semwal,06/05/2021 15:50:25,punishment make excuse sleep well ya know ya know wut chedsy feck awake,3,negative,-0.05
3709,Shubham Semwal,06/05/2021 15:50:25,suffering food poisoning,0,neutral,0.00
3712,Shubham Semwal,06/05/2021 15:50:25,today could worse everything aches feeling sooooo feeble,3,negative,-0.45
3713,Shubham Semwal,06/05/2021 15:50:25,woke get church continue studying oral pathology life pretty boring,3,negative,-0.38
3714,Shubham Semwal,06/05/2021 15:50:25,still group supposed safe place sharequot sorts never forget,1,positive,0.50
3717,Shubham Semwal,06/05/2021 15:50:25,mistake euro first wrong stickers made mind,3,negative,-0.12
3727,Shubham Semwal,06/05/2021 15:50:25,need tissues stop crying,3,negative,-0.20
3735,Shubham Semwal,06/05/2021 15:50:25,im helping along twitter putting vids youtube cos really want see ellen come oz,1,positive,0.20
3745,Shubham Semwal,06/05/2021 15:50:25,dealing end hour stomach flu,0,neutral,0.00
3755,Shubham Semwal,06/05/2021 15:50:25,literally started fire trying cook drunk bed time yet somewhere escape,3,negative,-0.50
3761,Shubham Semwal,06/05/2021 15:50:25,looks like iphones camera handle low light well,1,positive,0.20
3764,Shubham Semwal,06/05/2021 15:50:25,gone find probably preparing attack least expect,3,negative,-0.30
3775,Shubham Semwal,06/05/2021 15:50:25,time roommates love place,1,positive,0.50
3782,Shubham Semwal,06/05/2021 15:50:25,doues cryquot prince,0,neutral,0.00
3783,Shubham Semwal,06/05/2021 15:50:25,needed left mequot rebecca benson,0,neutral,0.00
3797,Shubham Semwal,06/05/2021 15:50:25,world singingquot marcome toute le monde chantent,0,neutral,0.00
3801,Shubham Semwal,06/05/2021 15:50:25,yeah know youre always eating see bomb quote,0,neutral,0.00
3804,Shubham Semwal,06/05/2021 15:50:25,amp earth wit sea bird wit beak thas way going baby dont leave cleanin jagged edge,0,neutral,0.00
3813,Shubham Semwal,06/05/2021 15:50:25,ride one catch one summer til pop open onequot,0,neutral,0.00
3821,Shubham Semwal,06/05/2021 15:50:25,great sunny day today sitting outside relaxing,1,positive,0.40
3830,Shubham Semwal,06/05/2021 15:50:25,harder meditate without rain,3,negative,-0.10
3842,Shubham Semwal,06/05/2021 15:50:25,mention almost pm indiana time,0,neutral,0.00
3845,Shubham Semwal,06/05/2021 15:50:25,watched video heart fell ground stomach knots,0,neutral,0.00
3846,Shubham Semwal,06/05/2021 15:50:25,last night hilarious lt work dayyyyy,1,positive,0.25
3853,Shubham Semwal,06/05/2021 15:50:25,love wanted share followers feeling inspirational ive long day,1,positive,0.32
3854,Shubham Semwal,06/05/2021 15:50:25,lovin bit taylor miley lily nice friday night,2,Very positive,0.60
3856,Shubham Semwal,06/05/2021 15:50:25,maybe punishment horrible people become one,4,Very negative,-1.00
3866,Shubham Semwal,06/05/2021 15:50:25,looking forward hours sleep tonight,0,neutral,0.00
3869,Shubham Semwal,06/05/2021 15:50:25,two google rankings website stoked,0,neutral,0.00
3870,Shubham Semwal,06/05/2021 15:50:25,oh hollys baby shower actually fun,1,positive,0.30
3871,Shubham Semwal,06/05/2021 15:50:25,okay sleep someone sing lullaby,1,positive,0.50
3872,Shubham Semwal,06/05/2021 15:50:25,omg oclock damn going looonnng day,0,neutral,0.00
3875,Shubham Semwal,06/05/2021 15:50:25,dont know till ts gonequot applies feeling right,1,positive,0.29
3876,Shubham Semwal,06/05/2021 15:50:25,hissed mystery lectures tasted whole worm please leave oxford next town drain quot,1,positive,0.10
3879,Shubham Semwal,06/05/2021 15:50:25,know guess might wellquot oasis warm singing sweet springtime monday life phd student,1,positive,0.47
3882,Shubham Semwal,06/05/2021 15:50:25,make feel alive ive ive ive make feel alive ive ive ivequot ily black eyed peas song alivequot almost much bass one,3,negative,-0.03
3889,Shubham Semwal,06/05/2021 15:50:25,stink haha funny,1,positive,0.23
3901,Shubham Semwal,06/05/2021 15:50:25,profile customization saved twitters ass shit,3,negative,-0.20
3911,Shubham Semwal,06/05/2021 15:50:25,everyone heading rottingdean beach clean cabinets,1,positive,0.37
3918,Shubham Semwal,06/05/2021 15:50:25,gerade twitter mit facebook verbunden,0,neutral,0.00
3921,Shubham Semwal,06/05/2021 15:50:25,got designs fall shooting next month,0,neutral,0.00
3925,Shubham Semwal,06/05/2021 15:50:25,guess one loves nite fucking fops,4,Very negative,-0.60
3932,Shubham Semwal,06/05/2021 15:50:25,brightside someone tries talk youtreat like child exclaim im years old dammit quot,0,neutral,0.00
3934,Shubham Semwal,06/05/2021 15:50:25,waited years see dont pictures remember,0,neutral,0.00
3936,Shubham Semwal,06/05/2021 15:50:25,looks like next weekend,0,neutral,0.00
3941,Shubham Semwal,06/05/2021 15:50:25,permanetky cause htel even get cause ad wasted whichdoemst help omg sorry elieve tweetinv eerione ha,3,negative,-0.35
3942,Shubham Semwal,06/05/2021 15:50:25,picked stinker pick goods,3,negative,-0.50
3943,Shubham Semwal,06/05/2021 15:50:25,power back pause power back,0,neutral,0.00
3948,Shubham Semwal,06/05/2021 15:50:25,scratch boy moody josh hanging tonight heading burgers fries donut amp maybe mall,0,neutral,0.00
3953,Shubham Semwal,06/05/2021 15:50:25,damn tired thats one perks performer wat u love,1,positive,0.05
3958,Shubham Semwal,06/05/2021 15:50:25,spent day horse therapy place love colin extremely well behaved good monday,1,positive,0.24
3960,Shubham Semwal,06/05/2021 15:50:25,still disappointed adam win rendition mad worldquot haunting listened utube love,3,negative,-0.02
3965,Shubham Semwal,06/05/2021 15:50:25,youre smooth exlax daniel like much lol gives futterblies,2,Very positive,0.60
3971,Shubham Semwal,06/05/2021 15:50:25,sniffle think cold mommy keeps putting thing nose sucks boogies yucky,3,negative,-0.45
3972,Shubham Semwal,06/05/2021 15:50:25,watching mtv award see u guys tomorrow,0,neutral,0.00
3982,Shubham Semwal,06/05/2021 15:50:25,note self dont apply sun tan back,0,neutral,0.00
3984,Shubham Semwal,06/05/2021 15:50:25,note self take freakin malaria medicine dinner die malaria,0,neutral,0.00
3985,Shubham Semwal,06/05/2021 15:50:25,said something untweetable ea girls range also wants know thinks brutal legend looks funny snacks,3,negative,-0.14
3986,Shubham Semwal,06/05/2021 15:50:25,lol sent last tweet actually shut,1,positive,0.27
3987,Shubham Semwal,06/05/2021 15:50:25,fun day today huge partaaay nearly peed pants laughing stomach hurts time crash,1,positive,0.27
3993,Shubham Semwal,06/05/2021 15:50:25,hi names ani mcr fan since give hug mcr fans old new,1,positive,0.12
3994,Shubham Semwal,06/05/2021 15:50:25,hmm worse im going fail deserve fail criessss issit already day goo,3,negative,-0.47
3995,Shubham Semwal,06/05/2021 15:50:25,hmmmm dat wen u miss someone u dont miss u miss real bad,4,Very negative,-1.00
3997,Shubham Semwal,06/05/2021 15:50:26,however slightly dodgy never mind wesh hair food tech attempt english seriously cbb,3,negative,-0.17
4000,Shubham Semwal,06/05/2021 15:50:26,dont want senior want stay junior seniors thank today reunions fo sho,0,neutral,0.00
4009,Shubham Semwal,06/05/2021 15:50:26,think lbs lost week error correction supposed lbs gained last wee still net lb loss,0,neutral,0.00
4024,Shubham Semwal,06/05/2021 15:50:26,tgif still plans weekend need think something,0,neutral,0.00
4031,Shubham Semwal,06/05/2021 15:50:26,step waiting adam baby,0,neutral,0.00
4033,Shubham Semwal,06/05/2021 15:50:26,hate driving rains ppl act like cant drive got get friggen bumper fixed,3,negative,-0.35
4034,Shubham Semwal,06/05/2021 15:50:26,tired going watch greys anatomy season dvd head bed night night,3,negative,-0.40
4036,Shubham Semwal,06/05/2021 15:50:26,sherwood forest gig june ther neway getting vip tickets looked net cant find nething,0,neutral,0.00
4039,Shubham Semwal,06/05/2021 15:50:26,tomorrow damn day life school begins miley mandy love show great doo da doo l,2,Very positive,0.65
4041,Shubham Semwal,06/05/2021 15:50:26,trying get phone call anxiety,0,neutral,0.00
4043,Shubham Semwal,06/05/2021 15:50:26,top food chains vegetarians cant explain sorry,0,neutral,0.00
4047,Shubham Semwal,06/05/2021 15:50:26,close getting apartment,0,neutral,0.00
4048,Shubham Semwal,06/05/2021 15:50:26,watched great debaters twice one night hahaha like,1,positive,0.50
4051,Shubham Semwal,06/05/2021 15:50:26,well one thing get accomplished tonight less pages till done jodi picoults pact cavs need miracle,1,positive,0.02
4052,Shubham Semwal,06/05/2021 15:50:26,europe many care much must,1,positive,0.35
4053,Shubham Semwal,06/05/2021 15:50:26,insomnia sucks seriously,3,negative,-0.32
4082,Shubham Semwal,06/05/2021 15:50:26,parents leaving morning head back chesapeake miss,0,neutral,0.00
4096,Shubham Semwal,06/05/2021 15:50:26,yeah im going aprom iv got much homework baby naming go morning,1,positive,0.20
4105,Shubham Semwal,06/05/2021 15:50:26,yet still isnt talking wonderful,2,Very positive,1.00
4111,Shubham Semwal,06/05/2021 15:50:26,mention spending time two bffs totally worth,1,positive,0.30
4114,Shubham Semwal,06/05/2021 15:50:26,im years old birth certificate years old pants,1,positive,0.10
4117,Shubham Semwal,06/05/2021 15:50:26,shut apartment mom dad work,0,neutral,0.00
4123,Shubham Semwal,06/05/2021 15:50:26,note self awed amazed etc something correct expression utter fascinating quot,1,positive,0.35
4124,Shubham Semwal,06/05/2021 15:50:26,uhh hate always lose weight pointless areas like fingers hips xp reading blogs,4,Very negative,-0.53
4125,Shubham Semwal,06/05/2021 15:50:26,note self dont rub eyes cutting habenaros,4,Very negative,-0.60
4135,Shubham Semwal,06/05/2021 15:50:26,aspca commercials make want cry ahww molly need hug fuzzy face,0,neutral,0.00
4136,Shubham Semwal,06/05/2021 15:50:26,oh forgot important birthday today redacted years old today,1,positive,0.25
4137,Shubham Semwal,06/05/2021 15:50:26,followup note self time order replacement iphone,0,neutral,0.00
4141,Shubham Semwal,06/05/2021 15:50:26,shut mollie one get orange chicken lol good luck test,1,positive,0.30
4161,Shubham Semwal,06/05/2021 15:50:26,twitter account im going cancle account today later everyone,0,neutral,0.00
4163,Shubham Semwal,06/05/2021 15:50:26,one get grippage mature slightly never act age least try getting tired,3,negative,-0.13
4164,Shubham Semwal,06/05/2021 15:50:26,days start terminator salvation germany yeah,0,neutral,0.00
4170,Shubham Semwal,06/05/2021 15:50:26,price depend size eventparty help reach interested,1,positive,0.25
4171,Shubham Semwal,06/05/2021 15:50:26,rain finally tappering mostly cloudy skies across northeast floridasoutheast georgia perhaps see sun today,1,positive,0.25
4179,Shubham Semwal,06/05/2021 15:50:26,oh goodness sake followed britney sex tape going shut go work,0,neutral,0.00
4180,Shubham Semwal,06/05/2021 15:50:26,jizzed pants absolute fail real ordinary stuff huge following means society fails even song,3,negative,-0.13
4186,Shubham Semwal,06/05/2021 15:50:26,ahaha let high five ass please going bed,1,positive,0.16
4187,Shubham Semwal,06/05/2021 15:50:26,success note self somehow must make clear diapers go toilet,1,positive,0.12
4191,Shubham Semwal,06/05/2021 15:50:26,need somebody need body love buenos dias bandocha twittera,1,positive,0.50
4202,Shubham Semwal,06/05/2021 15:50:26,clearly child raised good partying genetics grew proficient adult,1,positive,0.30
4210,Shubham Semwal,06/05/2021 15:50:26,hear ur amp notified im slightly loosing grip,3,negative,-0.17
4214,Shubham Semwal,06/05/2021 15:50:26,saw upquot really good touching boys loved,2,Very positive,0.63
4216,Shubham Semwal,06/05/2021 15:50:26,somethings telling leave cuz damned ya damned dont nothing personal july th epic lt,1,positive,0.05
4219,Shubham Semwal,06/05/2021 15:50:26,spray tan finishedddd got revise bloody science soo good x,3,negative,-0.05
4222,Shubham Semwal,06/05/2021 15:50:26,thanks signing follow today warm amp dry across ne flse ga enjoy sunshine,1,positive,0.28
4232,Shubham Semwal,06/05/2021 15:50:26,coulndt stop singing jonas moshing b l throat kind hurts omg amazing,2,Very positive,0.60
4234,Shubham Semwal,06/05/2021 15:50:26,dieting works hurrah weigh kg may tiny whatevs almost aus size,0,neutral,0.00
4242,Shubham Semwal,06/05/2021 15:50:26,chelsea chilling whilst tweet awwwwh,3,negative,-0.50
4243,Shubham Semwal,06/05/2021 15:50:26,hopefully verizon store morning need get new phone soon,1,positive,0.14
4257,Shubham Semwal,06/05/2021 15:50:26,got back aerobics class,0,neutral,0.00
4260,Shubham Semwal,06/05/2021 15:50:26,listening greats classical music see revives,0,neutral,0.00
4263,Shubham Semwal,06/05/2021 15:50:26,yankees way rangers like old times,1,positive,0.10
4281,Shubham Semwal,06/05/2021 15:50:26,updating via twitter turn updates facebook somehow sync two latitude updates google talk,0,neutral,0.00